"2018-Apr-05,11:07:26",degrees C,degrees C,raw signal,Volts,psi,bar,raw signal,Volts,psi,bar
Time(s),T1,T2,P1,P1,P1,P1,P2,P2,P2,P2,Jp,TMP
1.7882771492004395,20.812,20.0,0.2961111068725586,0.5329999923706055,12.598757925569075,0.8686541219489663,0.22555555403232574,0.40599999725818636,7.150900528846499,0.49303742930269684
5.976442098617554,20.812,20.0,0.3077777922153473,0.5540000259876251,14.080137272092834,0.9707916725813479,0.22611111402511597,0.40700000524520874,7.291667418945821,0.5027429685345088
10.167387008666992,20.812,20.0,0.2938888967037201,0.5290000140666962,12.316592413169516,0.8491994870662465,0.22722221910953522,0.4089999943971634,7.573197423512411,0.5221537866773643
14.35704517364502,20.812,20.0,0.30611109733581543,0.5509999752044678,13.8685084075995,0.9562003702838072,0.22555555403232574,0.40599999725818636,7.150900528846499,0.49303742930269684
18.548261165618896,-0.062,20.0,0.29722222685813904,0.5350000083446503,12.739842573846325,0.8783815698445269,0.22333332896232605,0.4019999921321869,6.587836744081265,0.45421553269621745
22.739837169647217,20.875,20.062,0.3077777922153473,0.5540000259876251,14.080137272092834,0.9707916725813479,0.22555555403232574,0.40599999725818636,7.150900528846499,0.49303742930269684
26.97015404701233,20.812,20.062,0.2983333468437195,0.5370000243186951,12.880927222123567,0.8881090177400869,0.22388888895511627,0.4030000001192093,6.728603634180587,0.4639210719280294
31.16590404510498,20.875,20.062,0.3055555522441864,0.5499999940395356,13.797967975538349,0.9513367767902278,0.22555555403232574,0.40599999725818636,7.150900528846499,0.49303742930269684
35.35362911224365,20.875,20.062,0.2983333468437195,0.5370000243186951,12.880927222123567,0.8881090177400869,0.22777777910232544,0.4100000023841858,7.71396431361174,0.5318593259091768
39.545807123184204,20.875,20.062,0.30388888716697693,0.5469999969005584,13.586342895199934,0.936745735401087,0.2244444489479065,0.4040000081062317,6.8693705242799155,0.4736266111598419
43.73181200027466,20.875,20.062,0.2983333468437195,0.5370000243186951,12.880927222123567,0.8881090177400869,0.2244444489479065,0.4040000081062317,6.8693705242799155,0.4736266111598419
47.95644998550415,20.875,20.062,0.3055555522441864,0.5499999940395356,13.797967975538349,0.9513367767902278,0.22499999403953552,0.40499998927116393,7.01013363874717,0.4833318900708844
52.145660161972046,20.875,20.062,0.2988888919353485,0.5380000054836274,12.951467654184732,0.8929726112336672,0.2244444489479065,0.4040000081062317,6.8693705242799155,0.4736266111598419
56.329681158065796,20.875,20.062,0.30222222208976746,0.5439999997615814,13.374717814861533,0.922154694011947,0.22388888895511627,0.4030000001192093,6.728603634180587,0.4639210719280294
60.51469016075134,20.875,20.062,0.300555557012558,0.5410000026226044,13.163092734523133,0.9075636526228071,0.2244444489479065,0.4040000081062317,6.8693705242799155,0.4736266111598419
64.70006108283997,20.875,20.062,0.30388888716697693,0.5469999969005584,13.586342895199934,0.936745735401087,0.22333332896232605,0.4019999921321869,6.587836744081265,0.45421553269621745
68.92353796958923,20.875,20.062,0.2988888919353485,0.5380000054836274,12.951467654184732,0.8929726112336672,0.22388888895511627,0.4030000001192093,6.728603634180587,0.4639210719280294
73.11110615730286,20.875,20.062,0.3016666769981384,0.5430000185966491,13.304177382800376,0.9172911005183672,0.22277778387069702,0.4010000109672546,6.447073629613996,0.44451025378517395
77.29804611206055,20.875,20.062,0.300555557012558,0.5410000026226044,13.163092734523133,0.9075636526228071,0.22333332896232605,0.4019999921321869,6.587836744081265,0.45421553269621745
81.48425006866455,20.812,20.062,0.28611111640930176,0.5150000095367432,11.329007443538657,0.7811078736141259,0.22277778387069702,0.4010000109672546,6.447073629613996,0.44451025378517395
85.67093801498413,20.875,20.062,0.30000001192092896,0.5400000214576721,13.092552302461975,0.9027000591292272,0.22388888895511627,0.4030000001192093,6.728603634180587,0.4639210719280294
89.86062216758728,20.875,20.062,0.2988888919353485,0.5380000054836274,12.951467654184732,0.8929726112336672,0.22388888895511627,0.4030000001192093,6.728603634180587,0.4639210719280294
94.05101299285889,20.875,20.125,0.3016666769981384,0.5430000185966491,13.304177382800376,0.9172911005183672,0.22277778387069702,0.4010000109672546,6.447073629613996,0.44451025378517395
98.26113605499268,20.812,20.062,0.2983333468437195,0.5370000243186951,12.880927222123567,0.8881090177400869,0.22055555880069733,0.3970000058412552,5.884009844848762,0.4056883571786945
102.45659518241882,20.812,20.062,0.3072222173213959,0.5529999911785126,14.00959305587675,0.9659278181793677,0.22611111402511597,0.40700000524520874,7.291667418945821,0.5027429685345088
106.64417314529419,20.875,20.125,0.29499998688697815,0.5309999763965607,12.457673277291832,0.8589266740534063,0.22555555403232574,0.40599999725818636,7.150900528846499,0.49303742930269684
110.82907819747925,20.875,20.125,0.3083333373069763,0.5550000071525574,14.150677704153992,0.9756552660749277,0.22333332896232605,0.4019999921321869,6.587836744081265,0.45421553269621745
115.01285219192505,20.875,20.125,0.301111102104187,0.5419999837875367,13.23363316658429,0.912427246116387,0.22555555403232574,0.40599999725818636,7.150900528846499,0.49303742930269684
119.23623418807983,20.812,20.125,0.3083333373069763,0.5550000071525574,14.150677704153992,0.9756552660749277,0.22166666388511658,0.39899999499320987,6.165539849415353,0.42509917532155
123.4277560710907,20.875,20.125,0.2961111068725586,0.5329999923706055,12.598757925569075,0.8686541219489663,0.22166666388511658,0.39899999499320987,6.165539849415353,0.42509917532155
127.62459206581116,20.875,20.125,0.3072222173213959,0.5529999911785126,14.00959305587675,0.9659278181793677,0.2244444489479065,0.4040000081062317,6.8693705242799155,0.4736266111598419
131.81548810005188,20.875,20.125,0.2944444417953491,0.5299999952316284,12.387132845230674,0.8540630805598264,0.22055555880069733,0.3970000058412552,5.884009844848762,0.4056883571786945
136.0070459842682,20.875,20.125,0.30444443225860596,0.5479999780654907,13.656883327261092,0.9416093288946669,0.22055555880069733,0.3970000058412552,5.884009844848762,0.4056883571786945
140.19622111320496,20.812,20.125,0.2922222316265106,0.5260000169277191,12.104967332831116,0.8346084456771066,0.22333332896232605,0.4019999921321869,6.587836744081265,0.45421553269621745
144.3802740573883,20.875,20.125,0.30611109733581543,0.5509999752044678,13.8685084075995,0.9562003702838072,0.2288888841867447,0.4119999915361405,7.995494318178331,0.5512701440520322
148.6091980934143,20.875,20.125,0.29777777194976807,0.5359999895095825,12.810383005907475,0.8832451633381062,0.2266666740179062,0.4080000132322312,7.432434309045156,0.5124485077663218
152.79726099967957,20.875,20.125,0.3083333373069763,0.5550000071525574,14.150677704153992,0.9756552660749277,0.2222222238779068,0.40000000298023225,6.306306739514675,0.43480471455336195
156.98735809326172,20.875,20.125,0.2983333468437195,0.5370000243186951,12.880927222123567,0.8881090177400869,0.22388888895511627,0.4030000001192093,6.728603634180587,0.4639210719280294
161.18369603157043,20.875,20.125,0.3072222173213959,0.5529999911785126,14.00959305587675,0.9659278181793677,0.22111110389232635,0.39799998700618744,6.024772959316024,0.4153936360897375
165.37000608444214,20.875,20.125,0.29944443702697754,0.5389999866485596,13.02200808624589,0.8978362047272471,0.2222222238779068,0.40000000298023225,6.306306739514675,0.43480471455336195
169.60279297828674,20.875,20.125,0.3077777922153473,0.5540000259876251,14.080137272092834,0.9707916725813479,0.22388888895511627,0.4030000001192093,6.728603634180587,0.4639210719280294
173.79256296157837,20.875,20.125,0.29555556178092957,0.5320000112056732,12.528217493507917,0.8637905284553864,0.22333332896232605,0.4019999921321869,6.587836744081265,0.45421553269621745
177.97972798347473,20.875,20.125,0.30388888716697693,0.5469999969005584,13.586342895199934,0.936745735401087,0.2222222238779068,0.40000000298023225,6.306306739514675,0.43480471455336195
182.16107296943665,20.875,20.125,0.300555557012558,0.5410000026226044,13.163092734523133,0.9075636526228071,0.22166666388511658,0.39899999499320987,6.165539849415353,0.42509917532155
186.35104417800903,20.875,20.125,0.30666667222976685,0.5520000100135803,13.939052623815591,0.9610642246857879,0.22333332896232605,0.4019999921321869,6.587836744081265,0.45421553269621745
190.5730710029602,20.875,20.125,0.2961111068725586,0.5329999923706055,12.598757925569075,0.8686541219489663,0.22555555403232574,0.40599999725818636,7.150900528846499,0.49303742930269684
194.76419019699097,20.875,20.125,0.30666667222976685,0.5520000100135803,13.939052623815591,0.9610642246857879,0.2288888841867447,0.4119999915361405,7.995494318178331,0.5512701440520322
198.9541721343994,20.875,20.125,0.2961111068725586,0.5329999923706055,12.598757925569075,0.8686541219489663,0.22111110389232635,0.39799998700618744,6.024772959316024,0.4153936360897375
203.1401710510254,20.875,20.125,0.30388888716697693,0.5469999969005584,13.586342895199934,0.936745735401087,0.22611111402511597,0.40700000524520874,7.291667418945821,0.5027429685345088
207.3360149860382,20.875,20.125,0.29944443702697754,0.5389999866485596,13.02200808624589,0.8978362047272471,0.22277778387069702,0.4010000109672546,6.447073629613996,0.44451025378517395
211.56017017364502,20.875,20.125,0.3055555522441864,0.5499999940395356,13.797967975538349,0.9513367767902278,0.22166666388511658,0.39899999499320987,6.165539849415353,0.42509917532155
215.7453830242157,20.875,20.125,0.301111102104187,0.5419999837875367,13.23363316658429,0.912427246116387,0.22166666388511658,0.39899999499320987,6.165539849415353,0.42509917532155
219.92876315116882,20.875,20.125,0.30444443225860596,0.5479999780654907,13.656883327261092,0.9416093288946669,0.2199999988079071,0.3959999978542328,5.743242954749434,0.39598281794688206
224.1205711364746,20.875,20.125,0.29277777671813965,0.5269999980926514,12.175507764892274,0.8394720391706865,0.22555555403232574,0.40599999725818636,7.150900528846499,0.49303742930269684
228.30609917640686,20.875,20.125,0.30611109733581543,0.5509999752044678,13.8685084075995,0.9562003702838072,0.2266666740179062,0.4080000132322312,7.432434309045156,0.5124485077663218
232.53090810775757,20.875,20.125,0.29944443702697754,0.5389999866485596,13.02200808624589,0.8978362047272471,0.22499999403953552,0.40499998927116393,7.01013363874717,0.4833318900708844
236.71688318252563,20.875,20.187,0.30000001192092896,0.5400000214576721,13.092552302461975,0.9027000591292272,0.22166666388511658,0.39899999499320987,6.165539849415353,0.42509917532155
240.9036099910736,20.875,20.125,0.3033333420753479,0.5460000157356263,13.515802463138783,0.9318821419075075,0.2222222238779068,0.40000000298023225,6.306306739514675,0.43480471455336195
245.09279608726501,20.875,20.187,0.30000001192092896,0.5400000214576721,13.092552302461975,0.9027000591292272,0.22277778387069702,0.4010000109672546,6.447073629613996,0.44451025378517395
249.2857141494751,20.875,20.125,0.30388888716697693,0.5469999969005584,13.586342895199934,0.936745735401087,0.22166666388511658,0.39899999499320987,6.165539849415353,0.42509917532155
253.52456498146057,20.875,20.125,0.300555557012558,0.5410000026226044,13.163092734523133,0.9075636526228071,0.22166666388511658,0.39899999499320987,6.165539849415353,0.42509917532155
257.71631717681885,20.875,20.125,0.30222222208976746,0.5439999997615814,13.374717814861533,0.922154694011947,0.22333332896232605,0.4019999921321869,6.587836744081265,0.45421553269621745
261.9096930027008,20.812,20.187,0.30222222208976746,0.5439999997615814,13.374717814861533,0.922154694011947,0.22611111402511597,0.40700000524520874,7.291667418945821,0.5027429685345088
266.12595200538635,20.875,20.187,0.300555557012558,0.5410000026226044,13.163092734523133,0.9075636526228071,0.22166666388511658,0.39899999499320987,6.165539849415353,0.42509917532155
270.3032879829407,20.875,20.187,0.29944443702697754,0.5389999866485596,13.02200808624589,0.8978362047272471,0.2222222238779068,0.40000000298023225,6.306306739514675,0.43480471455336195
274.4893710613251,20.875,20.187,0.3050000071525574,0.5490000128746033,13.727427543477184,0.9464731832966474,0.2222222238779068,0.40000000298023225,6.306306739514675,0.43480471455336195
278.6817910671234,20.875,20.187,0.300555557012558,0.5410000026226044,13.163092734523133,0.9075636526228071,0.2222222238779068,0.40000000298023225,6.306306739514675,0.43480471455336195
282.9054169654846,20.875,20.187,0.30388888716697693,0.5469999969005584,13.586342895199934,0.936745735401087,0.22111110389232635,0.39799998700618744,6.024772959316024,0.4153936360897375
287.09688997268677,20.875,20.187,0.30000001192092896,0.5400000214576721,13.092552302461975,0.9027000591292272,0.2244444489479065,0.4040000081062317,6.8693705242799155,0.4736266111598419
291.28059911727905,20.875,20.187,0.3055555522441864,0.5499999940395356,13.797967975538349,0.9513367767902278,0.22166666388511658,0.39899999499320987,6.165539849415353,0.42509917532155
295.4641811847687,20.875,20.187,0.2961111068725586,0.5329999923706055,12.598757925569075,0.8686541219489663,0.22166666388511658,0.39899999499320987,6.165539849415353,0.42509917532155
299.64792108535767,20.875,20.187,0.3050000071525574,0.5490000128746033,13.727427543477184,0.9464731832966474,0.22166666388511658,0.39899999499320987,6.165539849415353,0.42509917532155
303.87257504463196,20.875,20.187,0.29777777194976807,0.5359999895095825,12.810383005907475,0.8832451633381062,0.22277778387069702,0.4010000109672546,6.447073629613996,0.44451025378517395
308.0640940666199,20.875,20.187,0.30666667222976685,0.5520000100135803,13.939052623815591,0.9610642246857879,0.22166666388511658,0.39899999499320987,6.165539849415353,0.42509917532155
312.2514011859894,20.875,20.187,0.29055556654930115,0.5230000197887421,11.893342252492708,0.8200174042879662,0.22166666388511658,0.39899999499320987,6.165539849415353,0.42509917532155
316.4372720718384,20.875,20.187,0.30611109733581543,0.5509999752044678,13.8685084075995,0.9562003702838072,0.22333332896232605,0.4019999921321869,6.587836744081265,0.45421553269621745
320.62281703948975,20.875,20.187,0.30000001192092896,0.5400000214576721,13.092552302461975,0.9027000591292272,0.22111110389232635,0.39799998700618744,6.024772959316024,0.4153936360897375
324.8092260360718,20.875,20.187,0.3077777922153473,0.5540000259876251,14.080137272092834,0.9707916725813479,0.22333332896232605,0.4019999921321869,6.587836744081265,0.45421553269621745
328.99649715423584,20.875,20.187,0.29777777194976807,0.5359999895095825,12.810383005907475,0.8832451633381062,0.22166666388511658,0.39899999499320987,6.165539849415353,0.42509917532155
333.2203540802002,20.875,20.187,0.30666667222976685,0.5520000100135803,13.939052623815591,0.9610642246857879,0.22111110389232635,0.39799998700618744,6.024772959316024,0.4153936360897375
337.41188406944275,20.875,20.187,0.29777777194976807,0.5359999895095825,12.810383005907475,0.8832451633381062,0.2199999988079071,0.3959999978542328,5.743242954749434,0.39598281794688206
341.5894031524658,20.875,20.187,0.30888888239860535,0.5559999883174896,14.22121813621515,0.9805188595685076,0.21888889372348785,0.39400000870227814,5.461712950182843,0.37657199980402656
345.7921721935272,20.875,20.187,0.2983333468437195,0.5370000243186951,12.880927222123567,0.8881090177400869,0.22333332896232605,0.4019999921321869,6.587836744081265,0.45421553269621745
349.9783411026001,20.875,20.187,0.3083333373069763,0.5550000071525574,14.150677704153992,0.9756552660749277,0.21944443881511688,0.3949999898672104,5.602476064650112,0.38627727871507006
354.1906940937042,20.875,20.187,0.30222222208976746,0.5439999997615814,13.374717814861533,0.922154694011947,0.2222222238779068,0.40000000298023225,6.306306739514675,0.43480471455336195
358.38106203079224,20.875,20.187,0.3055555522441864,0.5499999940395356,13.797967975538349,0.9513367767902278,0.2105555534362793,0.3789999961853027,3.350224701221215,0.23098995260991984
362.5681149959564,20.875,20.187,0.29944443702697754,0.5389999866485596,13.02200808624589,0.8978362047272471,0.22499999403953552,0.40499998927116393,7.01013363874717,0.4833318900708844
366.75350308418274,20.875,20.187,0.30611109733581543,0.5509999752044678,13.8685084075995,0.9562003702838072,0.21944443881511688,0.3949999898672104,5.602476064650112,0.38627727871507006
370.9445300102234,20.875,20.187,0.2988888919353485,0.5380000054836274,12.951467654184732,0.8929726112336672,0.2199999988079071,0.3959999978542328,5.743242954749434,0.39598281794688206
375.16644501686096,20.875,20.187,0.30388888716697693,0.5469999969005584,13.586342895199934,0.936745735401087,0.21944443881511688,0.3949999898672104,5.602476064650112,0.38627727871507006
379.35086011886597,20.875,20.187,0.300555557012558,0.5410000026226044,13.163092734523133,0.9075636526228071,0.22277778387069702,0.4010000109672546,6.447073629613996,0.44451025378517395
383.5402810573578,-0.062,20.187,0.2844444513320923,0.5120000123977662,11.117382363200257,0.766516832224986,0.22388888895511627,0.4030000001192093,6.728603634180587,0.4639210719280294
387.7345690727234,20.875,20.187,0.30222222208976746,0.5439999997615814,13.374717814861533,0.922154694011947,0.22166666388511658,0.39899999499320987,6.165539849415353,0.42509917532155
391.92142605781555,20.875,20.187,0.2988888919353485,0.5380000054836274,12.951467654184732,0.8929726112336672,0.21944443881511688,0.3949999898672104,5.602476064650112,0.38627727871507006
396.1223361492157,20.875,20.187,0.3033333420753479,0.5460000157356263,13.515802463138783,0.9318821419075075,0.22111110389232635,0.39799998700618744,6.024772959316024,0.4153936360897375
400.3059341907501,20.875,20.187,0.301111102104187,0.5419999837875367,13.23363316658429,0.912427246116387,0.22055555880069733,0.3970000058412552,5.884009844848762,0.4056883571786945
404.52855706214905,20.875,20.187,0.3027777671813965,0.5449999809265137,13.445258246922691,0.927018287505527,0.22111110389232635,0.39799998700618744,6.024772959316024,0.4153936360897375
408.7176191806793,20.875,20.187,0.30222222208976746,0.5439999997615814,13.374717814861533,0.922154694011947,0.2177777737379074,0.3919999927282333,5.180179169984193,0.3571609213404021
412.90363216400146,20.875,20.187,0.30611109733581543,0.5509999752044678,13.8685084075995,0.9562003702838072,0.2222222238779068,0.40000000298023225,6.306306739514675,0.43480471455336195
417.0851180553436,20.875,20.187,0.2983333468437195,0.5370000243186951,12.880927222123567,0.8881090177400869,0.22055555880069733,0.3970000058412552,5.884009844848762,0.4056883571786945
421.2696180343628,20.875,20.187,0.3033333420753479,0.5460000157356263,13.515802463138783,0.9318821419075075,0.22055555880069733,0.3970000058412552,5.884009844848762,0.4056883571786945
425.4932701587677,20.875,20.187,0.30611109733581543,0.5509999752044678,13.8685084075995,0.9562003702838072,0.22166666388511658,0.39899999499320987,6.165539849415353,0.42509917532155
429.6787700653076,20.875,20.187,0.30611109733581543,0.5509999752044678,13.8685084075995,0.9562003702838072,0.21833333373069763,0.39300000071525576,5.3209460600835214,0.3668664605722146
433.8721799850464,20.875,20.187,0.2922222316265106,0.5260000169277191,12.104967332831116,0.8346084456771066,0.2244444489479065,0.4040000081062317,6.8693705242799155,0.4736266111598419
438.0621271133423,20.875,20.187,0.30611109733581543,0.5509999752044678,13.8685084075995,0.9562003702838072,0.22055555880069733,0.3970000058412552,5.884009844848762,0.4056883571786945
442.24943804740906,20.875,20.187,0.2966666519641876,0.5339999735355377,12.669298357630232,0.8735177154425462,0.2222222238779068,0.40000000298023225,6.306306739514675,0.43480471455336195
446.4607071876526,20.875,20.187,0.3072222173213959,0.5529999911785126,14.00959305587675,0.9659278181793677,0.22166666388511658,0.39899999499320987,6.165539849415353,0.42509917532155
450.64544200897217,20.875,20.187,0.29944443702697754,0.5389999866485596,13.02200808624589,0.8978362047272471,0.22055555880069733,0.3970000058412552,5.884009844848762,0.4056883571786945
455.60435914993286,20.875,20.187,0.3077777922153473,0.5540000259876251,14.080137272092834,0.9707916725813479,0.22166666388511658,0.39899999499320987,6.165539849415353,0.42509917532155
459.77999901771545,20.875,20.187,0.2966666519641876,0.5339999735355377,12.669298357630232,0.8735177154425462,0.22111110389232635,0.39799998700618744,6.024772959316024,0.4153936360897375
463.9723930358887,20.875,20.187,0.30611109733581543,0.5509999752044678,13.8685084075995,0.9562003702838072,0.2222222238779068,0.40000000298023225,6.306306739514675,0.43480471455336195
468.16934418678284,20.875,20.187,0.2988888919353485,0.5380000054836274,12.951467654184732,0.8929726112336672,0.22166666388511658,0.39899999499320987,6.165539849415353,0.42509917532155
472.3549129962921,20.875,20.187,0.30222222208976746,0.5439999997615814,13.374717814861533,0.922154694011947,0.22166666388511658,0.39899999499320987,6.165539849415353,0.42509917532155
476.5470790863037,20.875,20.187,0.30222222208976746,0.5439999997615814,13.374717814861533,0.922154694011947,0.2133333384990692,0.3840000092983246,4.054055376085785,0.2795173884482122
480.74633598327637,20.875,20.187,0.2983333468437195,0.5370000243186951,12.880927222123567,0.8881090177400869,0.22166666388511658,0.39899999499320987,6.165539849415353,0.42509917532155
484.93678998947144,20.875,20.25,0.30611109733581543,0.5509999752044678,13.8685084075995,0.9562003702838072,0.21944443881511688,0.3949999898672104,5.602476064650112,0.38627727871507006
489.1228060722351,20.875,20.187,0.301111102104187,0.5419999837875367,13.23363316658429,0.912427246116387,0.22722221910953522,0.4089999943971634,7.573197423512411,0.5221537866773643
493.3100290298462,20.875,20.187,0.301111102104187,0.5419999837875367,13.23363316658429,0.912427246116387,0.2222222238779068,0.40000000298023225,6.306306739514675,0.43480471455336195
497.5269100666046,20.875,20.187,0.2983333468437195,0.5370000243186951,12.880927222123567,0.8881090177400869,0.22166666388511658,0.39899999499320987,6.165539849415353,0.42509917532155
501.71829104423523,20.875,20.187,0.3027777671813965,0.5449999809265137,13.445258246922691,0.927018287505527,0.22333332896232605,0.4019999921321869,6.587836744081265,0.45421553269621745
505.9132831096649,20.875,20.187,0.30000001192092896,0.5400000214576721,13.092552302461975,0.9027000591292272,0.22166666388511658,0.39899999499320987,6.165539849415353,0.42509917532155
510.11237502098083,20.875,20.187,0.3055555522441864,0.5499999940395356,13.797967975538349,0.9513367767902278,0.2222222238779068,0.40000000298023225,6.306306739514675,0.43480471455336195
514.3029580116272,20.875,20.187,0.2983333468437195,0.5370000243186951,12.880927222123567,0.8881090177400869,0.22111110389232635,0.39799998700618744,6.024772959316024,0.4153936360897375
518.5363161563873,20.875,20.187,0.30444443225860596,0.5479999780654907,13.656883327261092,0.9416093288946669,0.21888889372348785,0.39400000870227814,5.461712950182843,0.37657199980402656
522.7300491333008,20.875,20.187,0.300555557012558,0.5410000026226044,13.163092734523133,0.9075636526228071,0.21944443881511688,0.3949999898672104,5.602476064650112,0.38627727871507006
526.9226861000061,20.875,20.187,0.30611109733581543,0.5509999752044678,13.8685084075995,0.9562003702838072,0.2199999988079071,0.3959999978542328,5.743242954749434,0.39598281794688206
531.121885061264,20.875,20.187,0.30000001192092896,0.5400000214576721,13.092552302461975,0.9027000591292272,0.22333332896232605,0.4019999921321869,6.587836744081265,0.45421553269621745
535.3122630119324,20.875,20.187,0.30611109733581543,0.5509999752044678,13.8685084075995,0.9562003702838072,0.2222222238779068,0.40000000298023225,6.306306739514675,0.43480471455336195
539.498428106308,20.875,20.187,0.29722222685813904,0.5350000083446503,12.739842573846325,0.8783815698445269,0.21944443881511688,0.3949999898672104,5.602476064650112,0.38627727871507006
543.6898419857025,20.875,20.187,0.30444443225860596,0.5479999780654907,13.656883327261092,0.9416093288946669,0.2222222238779068,0.40000000298023225,6.306306739514675,0.43480471455336195
547.9181780815125,20.875,20.187,0.29722222685813904,0.5350000083446503,12.739842573846325,0.8783815698445269,0.22111110389232635,0.39799998700618744,6.024772959316024,0.4153936360897375
552.1062910556793,20.875,20.187,0.3050000071525574,0.5490000128746033,13.727427543477184,0.9464731832966474,0.22166666388511658,0.39899999499320987,6.165539849415353,0.42509917532155
556.2924489974976,20.875,20.187,0.2944444417953491,0.5299999952316284,12.387132845230674,0.8540630805598264,0.22722221910953522,0.4089999943971634,7.573197423512411,0.5221537866773643
560.4769010543823,20.875,20.187,0.30888888239860535,0.5559999883174896,14.22121813621515,0.9805188595685076,0.22166666388511658,0.39899999499320987,6.165539849415353,0.42509917532155
564.6699750423431,20.875,20.187,0.2966666519641876,0.5339999735355377,12.669298357630232,0.8735177154425462,0.22277778387069702,0.4010000109672546,6.447073629613996,0.44451025378517395
568.8947479724884,20.875,20.187,0.30611109733581543,0.5509999752044678,13.8685084075995,0.9562003702838072,0.22388888895511627,0.4030000001192093,6.728603634180587,0.4639210719280294
573.0877351760864,20.812,20.187,0.29555556178092957,0.5320000112056732,12.528217493507917,0.8637905284553864,0.2222222238779068,0.40000000298023225,6.306306739514675,0.43480471455336195
577.2776789665222,20.875,20.187,0.3105555474758148,0.5589999854564667,14.43284321655355,0.9951099009576475,0.22166666388511658,0.39899999499320987,6.165539849415353,0.42509917532155
581.4634611606598,20.875,20.187,0.29777777194976807,0.5359999895095825,12.810383005907475,0.8832451633381062,0.22055555880069733,0.3970000058412552,5.884009844848762,0.4056883571786945
585.6493911743164,20.875,20.187,0.3055555522441864,0.5499999940395356,13.797967975538349,0.9513367767902278,0.22166666388511658,0.39899999499320987,6.165539849415353,0.42509917532155
589.8758571147919,20.875,20.187,0.2966666519641876,0.5339999735355377,12.669298357630232,0.8735177154425462,0.22777777910232544,0.4100000023841858,7.71396431361174,0.5318593259091768
594.0721299648285,20.875,20.187,0.3072222173213959,0.5529999911785126,14.00959305587675,0.9659278181793677,0.22166666388511658,0.39899999499320987,6.165539849415353,0.42509917532155
598.2616260051727,20.875,20.187,0.29777777194976807,0.5359999895095825,12.810383005907475,0.8832451633381062,0.22166666388511658,0.39899999499320987,6.165539849415353,0.42509917532155
602.4516761302948,20.875,20.187,0.30444443225860596,0.5479999780654907,13.656883327261092,0.9416093288946669,0.22277778387069702,0.4010000109672546,6.447073629613996,0.44451025378517395
606.6278710365295,20.875,20.187,0.2988888919353485,0.5380000054836274,12.951467654184732,0.8929726112336672,0.2199999988079071,0.3959999978542328,5.743242954749434,0.39598281794688206
610.8121860027313,20.875,20.187,0.3033333420753479,0.5460000157356263,13.515802463138783,0.9318821419075075,0.22166666388511658,0.39899999499320987,6.165539849415353,0.42509917532155
614.9986460208893,20.875,20.187,0.29944443702697754,0.5389999866485596,13.02200808624589,0.8978362047272471,0.22611111402511597,0.40700000524520874,7.291667418945821,0.5027429685345088
619.2250699996948,20.875,20.187,0.30611109733581543,0.5509999752044678,13.8685084075995,0.9562003702838072,0.22166666388511658,0.39899999499320987,6.165539849415353,0.42509917532155
623.4126751422882,-0.062,20.187,0.3033333420753479,0.5460000157356263,13.515802463138783,0.9318821419075075,0.22166666388511658,0.39899999499320987,6.165539849415353,0.42509917532155
627.6045651435852,20.875,20.187,0.3077777922153473,0.5540000259876251,14.080137272092834,0.9707916725813479,0.22055555880069733,0.3970000058412552,5.884009844848762,0.4056883571786945
631.788761138916,20.812,20.187,0.3027777671813965,0.5449999809265137,13.445258246922691,0.927018287505527,0.2199999988079071,0.3959999978542328,5.743242954749434,0.39598281794688206
635.9810271263123,20.875,20.25,0.30888888239860535,0.5559999883174896,14.22121813621515,0.9805188595685076,0.22055555880069733,0.3970000058412552,5.884009844848762,0.4056883571786945
640.1942081451416,20.875,20.187,0.301111102104187,0.5419999837875367,13.23363316658429,0.912427246116387,0.2222222238779068,0.40000000298023225,6.306306739514675,0.43480471455336195
644.3794369697571,20.875,20.25,0.301111102104187,0.5419999837875367,13.23363316658429,0.912427246116387,0.22333332896232605,0.4019999921321869,6.587836744081265,0.45421553269621745
648.5667321681976,20.875,20.187,0.29777777194976807,0.5359999895095825,12.810383005907475,0.8832451633381062,0.2222222238779068,0.40000000298023225,6.306306739514675,0.43480471455336195
652.7617909908295,20.875,20.25,0.30000001192092896,0.5400000214576721,13.092552302461975,0.9027000591292272,0.22777777910232544,0.4100000023841858,7.71396431361174,0.5318593259091768
656.9493570327759,20.875,20.187,0.2944444417953491,0.5299999952316284,12.387132845230674,0.8540630805598264,0.22055555880069733,0.3970000058412552,5.884009844848762,0.4056883571786945
661.178013086319,20.875,20.25,0.30222222208976746,0.5439999997615814,13.374717814861533,0.922154694011947,0.22055555880069733,0.3970000058412552,5.884009844848762,0.4056883571786945
665.3626441955566,20.875,20.187,0.301111102104187,0.5419999837875367,13.23363316658429,0.912427246116387,0.2199999988079071,0.3959999978542328,5.743242954749434,0.39598281794688206
669.5490829944611,20.812,20.187,0.301111102104187,0.5419999837875367,13.23363316658429,0.912427246116387,0.22166666388511658,0.39899999499320987,6.165539849415353,0.42509917532155
673.7412669658661,20.875,20.187,0.301111102104187,0.5419999837875367,13.23363316658429,0.912427246116387,0.2199999988079071,0.3959999978542328,5.743242954749434,0.39598281794688206
678.7047259807587,20.812,20.187,0.29499998688697815,0.5309999763965607,12.457673277291832,0.8589266740534063,0.22277778387069702,0.4010000109672546,6.447073629613996,0.44451025378517395
682.9002711772919,20.812,20.187,0.30666667222976685,0.5520000100135803,13.939052623815591,0.9610642246857879,0.22277778387069702,0.4010000109672546,6.447073629613996,0.44451025378517395
687.0833141803741,20.875,20.187,0.29555556178092957,0.5320000112056732,12.528217493507917,0.8637905284553864,0.2199999988079071,0.3959999978542328,5.743242954749434,0.39598281794688206
691.3078269958496,20.812,20.187,0.3055555522441864,0.5499999940395356,13.797967975538349,0.9513367767902278,0.22055555880069733,0.3970000058412552,5.884009844848762,0.4056883571786945
695.4923419952393,20.812,20.187,0.29555556178092957,0.5320000112056732,12.528217493507917,0.8637905284553864,0.21944443881511688,0.3949999898672104,5.602476064650112,0.38627727871507006
699.6863360404968,20.875,20.187,0.30611109733581543,0.5509999752044678,13.8685084075995,0.9562003702838072,0.22055555880069733,0.3970000058412552,5.884009844848762,0.4056883571786945
703.8770501613617,20.875,20.187,0.2961111068725586,0.5329999923706055,12.598757925569075,0.8686541219489663,0.22166666388511658,0.39899999499320987,6.165539849415353,0.42509917532155
708.0645501613617,20.812,20.187,0.3077777922153473,0.5540000259876251,14.080137272092834,0.9707916725813479,0.22111110389232635,0.39799998700618744,6.024772959316024,0.4153936360897375
712.2544500827789,20.812,20.25,0.3016666769981384,0.5430000185966491,13.304177382800376,0.9172911005183672,0.2199999988079071,0.3959999978542328,5.743242954749434,0.39598281794688206
716.4392621517181,20.875,20.187,0.30611109733581543,0.5509999752044678,13.8685084075995,0.9562003702838072,0.22111110389232635,0.39799998700618744,6.024772959316024,0.4153936360897375
720.6633741855621,20.875,20.187,0.2961111068725586,0.5329999923706055,12.598757925569075,0.8686541219489663,0.22333332896232605,0.4019999921321869,6.587836744081265,0.45421553269621745
724.8474740982056,20.875,20.187,0.3033333420753479,0.5460000157356263,13.515802463138783,0.9318821419075075,0.22111110389232635,0.39799998700618744,6.024772959316024,0.4153936360897375
729.0364000797272,20.875,20.187,0.30000001192092896,0.5400000214576721,13.092552302461975,0.9027000591292272,0.2199999988079071,0.3959999978542328,5.743242954749434,0.39598281794688206
733.223482131958,20.875,20.25,0.30611109733581543,0.5509999752044678,13.8685084075995,0.9562003702838072,0.2199999988079071,0.3959999978542328,5.743242954749434,0.39598281794688206
737.4109420776367,20.812,20.187,0.2988888919353485,0.5380000054836274,12.951467654184732,0.8929726112336672,0.21888889372348785,0.39400000870227814,5.461712950182843,0.37657199980402656
741.6232559680939,20.875,20.187,0.30388888716697693,0.5469999969005584,13.586342895199934,0.936745735401087,0.2222222238779068,0.40000000298023225,6.306306739514675,0.43480471455336195
745.8090031147003,20.812,20.25,0.29944443702697754,0.5389999866485596,13.02200808624589,0.8978362047272471,0.22055555880069733,0.3970000058412552,5.884009844848762,0.4056883571786945
749.9942030906677,20.875,20.187,0.30944445729255676,0.5570000231266022,14.291762352431242,0.9853827139704883,0.21833333373069763,0.39300000071525576,5.3209460600835214,0.3668664605722146
754.1824860572815,20.812,20.25,0.300555557012558,0.5410000026226044,13.163092734523133,0.9075636526228071,0.21944443881511688,0.3949999898672104,5.602476064650112,0.38627727871507006
758.3691589832306,20.812,20.25,0.30222222208976746,0.5439999997615814,13.374717814861533,0.922154694011947,0.2177777737379074,0.3919999927282333,5.180179169984193,0.3571609213404021
762.5955221652985,20.812,20.187,0.3055555522441864,0.5499999940395356,13.797967975538349,0.9513367767902278,0.2199999988079071,0.3959999978542328,5.743242954749434,0.39598281794688206
766.7820780277252,20.812,20.25,0.29777777194976807,0.5359999895095825,12.810383005907475,0.8832451633381062,0.21944443881511688,0.3949999898672104,5.602476064650112,0.38627727871507006
770.9659931659698,20.875,20.187,0.3050000071525574,0.5490000128746033,13.727427543477184,0.9464731832966474,0.22111110389232635,0.39799998700618744,6.024772959316024,0.4153936360897375
775.1499080657959,20.812,20.187,0.3027777671813965,0.5449999809265137,13.445258246922691,0.927018287505527,0.2199999988079071,0.3959999978542328,5.743242954749434,0.39598281794688206
779.331248998642,20.875,20.187,0.3072222173213959,0.5529999911785126,14.00959305587675,0.9659278181793677,0.22166666388511658,0.39899999499320987,6.165539849415353,0.42509917532155
783.5228040218353,20.812,20.25,0.2944444417953491,0.5299999952316284,12.387132845230674,0.8540630805598264,0.23944444954395294,0.4310000091791153,10.670046351905192,0.7356740878526185
787.7164630889893,20.812,20.25,0.30388888716697693,0.5469999969005584,13.586342895199934,0.936745735401087,0.22055555880069733,0.3970000058412552,5.884009844848762,0.4056883571786945
791.9454860687256,20.875,20.25,0.30444443225860596,0.5479999780654907,13.656883327261092,0.9416093288946669,0.22388888895511627,0.4030000001192093,6.728603634180587,0.4639210719280294
796.1494891643524,20.812,20.25,0.3055555522441864,0.5499999940395356,13.797967975538349,0.9513367767902278,0.21944443881511688,0.3949999898672104,5.602476064650112,0.38627727871507006
800.3541080951691,20.875,20.25,0.30611109733581543,0.5509999752044678,13.8685084075995,0.9562003702838072,0.22055555880069733,0.3970000058412552,5.884009844848762,0.4056883571786945
804.5447721481323,20.875,20.25,0.3077777922153473,0.5540000259876251,14.080137272092834,0.9707916725813479,0.2199999988079071,0.3959999978542328,5.743242954749434,0.39598281794688206
808.7371129989624,20.875,20.25,0.2988888919353485,0.5380000054836274,12.951467654184732,0.8929726112336672,0.22055555880069733,0.3970000058412552,5.884009844848762,0.4056883571786945
812.9679601192474,20.812,20.187,0.301111102104187,0.5419999837875367,13.23363316658429,0.912427246116387,0.22277778387069702,0.4010000109672546,6.447073629613996,0.44451025378517395
817.1579191684723,20.812,20.25,0.30000001192092896,0.5400000214576721,13.092552302461975,0.9027000591292272,0.2199999988079071,0.3959999978542328,5.743242954749434,0.39598281794688206
821.3451061248779,20.812,20.25,0.30611109733581543,0.5509999752044678,13.8685084075995,0.9562003702838072,0.22499999403953552,0.40499998927116393,7.01013363874717,0.4833318900708844
825.5293550491333,20.875,20.187,0.2944444417953491,0.5299999952316284,12.387132845230674,0.8540630805598264,0.22055555880069733,0.3970000058412552,5.884009844848762,0.4056883571786945
829.7153890132904,20.812,20.25,0.30666667222976685,0.5520000100135803,13.939052623815591,0.9610642246857879,0.21888889372348785,0.39400000870227814,5.461712950182843,0.37657199980402656
833.9272031784058,20.812,20.25,0.2966666519641876,0.5339999735355377,12.669298357630232,0.8735177154425462,0.2222222238779068,0.40000000298023225,6.306306739514675,0.43480471455336195
838.1229450702667,20.875,20.187,0.3050000071525574,0.5490000128746033,13.727427543477184,0.9464731832966474,0.22166666388511658,0.39899999499320987,6.165539849415353,0.42509917532155
842.3219110965729,20.812,20.187,0.2983333468437195,0.5370000243186951,12.880927222123567,0.8881090177400869,0.22111110389232635,0.39799998700618744,6.024772959316024,0.4153936360897375
846.5075709819794,20.812,20.187,0.30888888239860535,0.5559999883174896,14.22121813621515,0.9805188595685076,0.22111110389232635,0.39799998700618744,6.024772959316024,0.4153936360897375
850.692754983902,20.812,20.25,0.2966666519641876,0.5339999735355377,12.669298357630232,0.8735177154425462,0.21888889372348785,0.39400000870227814,5.461712950182843,0.37657199980402656
854.9173431396484,20.812,20.25,0.3033333420753479,0.5460000157356263,13.515802463138783,0.9318821419075075,0.22111110389232635,0.39799998700618744,6.024772959316024,0.4153936360897375
859.1029841899872,20.812,20.187,0.3083333373069763,0.5550000071525574,14.150677704153992,0.9756552660749277,0.22055555880069733,0.3970000058412552,5.884009844848762,0.4056883571786945
863.2883930206299,20.812,20.25,0.3072222173213959,0.5529999911785126,14.00959305587675,0.9659278181793677,0.22166666388511658,0.39899999499320987,6.165539849415353,0.42509917532155
867.4769971370697,20.875,20.25,0.2983333468437195,0.5370000243186951,12.880927222123567,0.8881090177400869,0.22055555880069733,0.3970000058412552,5.884009844848762,0.4056883571786945
871.6614611148834,20.812,20.25,0.3166666626930237,0.5699999928474426,15.208803105846009,1.0486104730206283,0.21944443881511688,0.3949999898672104,5.602476064650112,0.38627727871507006
875.8577489852905,20.812,20.187,0.2988888919353485,0.5380000054836274,12.951467654184732,0.8929726112336672,0.22277778387069702,0.4010000109672546,6.447073629613996,0.44451025378517395
880.0422520637512,20.812,20.25,0.30444443225860596,0.5479999780654907,13.656883327261092,0.9416093288946669,0.2222222238779068,0.40000000298023225,6.306306739514675,0.43480471455336195
884.270740032196,20.812,20.187,0.29777777194976807,0.5359999895095825,12.810383005907475,0.8832451633381062,0.21944443881511688,0.3949999898672104,5.602476064650112,0.38627727871507006
888.4732291698456,20.812,20.187,0.30888888239860535,0.5559999883174896,14.22121813621515,0.9805188595685076,0.22166666388511658,0.39899999499320987,6.165539849415353,0.42509917532155
892.7078411579132,20.812,20.187,0.29944443702697754,0.5389999866485596,13.02200808624589,0.8978362047272471,0.21944443881511688,0.3949999898672104,5.602476064650112,0.38627727871507006
896.905727148056,20.812,20.25,0.3072222173213959,0.5529999911785126,14.00959305587675,0.9659278181793677,0.22166666388511658,0.39899999499320987,6.165539849415353,0.42509917532155
901.1064360141754,20.812,20.187,0.29555556178092957,0.5320000112056732,12.528217493507917,0.8637905284553864,0.2199999988079071,0.3959999978542328,5.743242954749434,0.39598281794688206
905.3379561901093,20.812,20.25,0.30444443225860596,0.5479999780654907,13.656883327261092,0.9416093288946669,0.2150000035762787,0.38700000643730165,4.476352270751697,0.30863374582287967
909.5264451503754,20.812,20.25,0.29777777194976807,0.5359999895095825,12.810383005907475,0.8832451633381062,0.22166666388511658,0.39899999499320987,6.165539849415353,0.42509917532155
913.7172021865845,20.812,20.187,0.30611109733581543,0.5509999752044678,13.8685084075995,0.9562003702838072,0.2222222238779068,0.40000000298023225,6.306306739514675,0.43480471455336195
917.9090111255646,20.812,20.25,0.2983333468437195,0.5370000243186951,12.880927222123567,0.8881090177400869,0.21833333373069763,0.39300000071525576,5.3209460600835214,0.3668664605722146
922.0946650505066,20.812,20.25,0.30888888239860535,0.5559999883174896,14.22121813621515,0.9805188595685076,0.21722222864627838,0.3910000115633011,5.039416055516938,0.3474556424293596
926.2829341888428,20.812,20.187,0.2922222316265106,0.5260000169277191,12.104967332831116,0.8346084456771066,0.21722222864627838,0.3910000115633011,5.039416055516938,0.3474556424293596
930.4691710472107,20.812,20.187,0.3083333373069763,0.5550000071525574,14.150677704153992,0.9756552660749277,0.21833333373069763,0.39300000071525576,5.3209460600835214,0.3668664605722146
934.6753551959991,20.812,20.187,0.301111102104187,0.5419999837875367,13.23363316658429,0.912427246116387,0.2177777737379074,0.3919999927282333,5.180179169984193,0.3571609213404021
938.8684439659119,20.812,20.25,0.3083333373069763,0.5550000071525574,14.150677704153992,0.9756552660749277,0.21888889372348785,0.39400000870227814,5.461712950182843,0.37657199980402656
943.0672931671143,20.812,20.187,0.2983333468437195,0.5370000243186951,12.880927222123567,0.8881090177400869,0.2150000035762787,0.38700000643730165,4.476352270751697,0.30863374582287967
947.2531790733337,20.812,20.187,0.30444443225860596,0.5479999780654907,13.656883327261092,0.9416093288946669,0.21888889372348785,0.39400000870227814,5.461712950182843,0.37657199980402656
951.436840057373,20.812,20.187,0.2988888919353485,0.5380000054836274,12.951467654184732,0.8929726112336672,0.21722222864627838,0.3910000115633011,5.039416055516938,0.3474556424293596
955.6769421100616,20.812,20.25,0.3050000071525574,0.5490000128746033,13.727427543477184,0.9464731832966474,0.21722222864627838,0.3910000115633011,5.039416055516938,0.3474556424293596
959.8604490756989,20.812,20.187,0.29944443702697754,0.5389999866485596,13.02200808624589,0.8978362047272471,0.2199999988079071,0.3959999978542328,5.743242954749434,0.39598281794688206
964.0567569732666,20.875,20.187,0.30611109733581543,0.5509999752044678,13.8685084075995,0.9562003702838072,0.2177777737379074,0.3919999927282333,5.180179169984193,0.3571609213404021
968.2436909675598,20.812,20.187,0.30000001192092896,0.5400000214576721,13.092552302461975,0.9027000591292272,0.21722222864627838,0.3910000115633011,5.039416055516938,0.3474556424293596
972.4408390522003,20.812,20.187,0.3077777922153473,0.5540000259876251,14.080137272092834,0.9707916725813479,0.21722222864627838,0.3910000115633011,5.039416055516938,0.3474556424293596
976.6518211364746,20.812,20.187,0.29555556178092957,0.5320000112056732,12.528217493507917,0.8637905284553864,0.21444444358348846,0.38599999845027927,4.335585380652375,0.2989282065910677
980.8357961177826,20.812,20.187,0.30388888716697693,0.5469999969005584,13.586342895199934,0.936745735401087,0.21888889372348785,0.39400000870227814,5.461712950182843,0.37657199980402656
985.0207650661469,20.812,20.187,0.300555557012558,0.5410000026226044,13.163092734523133,0.9075636526228071,0.21833333373069763,0.39300000071525576,5.3209460600835214,0.3668664605722146
989.2103621959686,20.875,20.187,0.2961111068725586,0.5329999923706055,12.598757925569075,0.8686541219489663,0.21722222864627838,0.3910000115633011,5.039416055516938,0.3474556424293596
993.3963551521301,20.812,20.187,0.30000001192092896,0.5400000214576721,13.092552302461975,0.9027000591292272,0.21833333373069763,0.39300000071525576,5.3209460600835214,0.3668664605722146
997.6247351169586,20.812,20.187,0.3016666769981384,0.5430000185966491,13.304177382800376,0.9172911005183672,0.21722222864627838,0.3910000115633011,5.039416055516938,0.3474556424293596
1001.8099040985107,20.812,20.187,0.31388887763023376,0.5649999797344208,14.856093377230366,1.0242919837359283,0.21611110866069794,0.3889999955892563,4.757882275318281,0.32804456396573467
1005.993331193924,20.812,20.25,0.2922222316265106,0.5260000169277191,12.104967332831116,0.8346084456771066,0.21666666865348816,0.3900000035762787,4.898649165417602,0.33775010319754667
1010.1832091808319,20.812,20.187,0.3050000071525574,0.5490000128746033,13.727427543477184,0.9464731832966474,0.21944443881511688,0.3949999898672104,5.602476064650112,0.38627727871507006
1014.3686091899872,20.812,20.187,0.2983333468437195,0.5370000243186951,12.880927222123567,0.8881090177400869,0.21833333373069763,0.39300000071525576,5.3209460600835214,0.3668664605722146
1018.5581111907959,20.875,20.187,0.3166666626930237,0.5699999928474426,15.208803105846009,1.0486104730206283,0.21666666865348816,0.3900000035762787,4.898649165417602,0.33775010319754667
1022.7477550506592,20.812,20.187,0.3050000071525574,0.5490000128746033,13.727427543477184,0.9464731832966474,0.21722222864627838,0.3910000115633011,5.039416055516938,0.3474556424293596
1026.9800431728363,20.812,20.187,0.2966666519641876,0.5339999735355377,12.669298357630232,0.8735177154425462,0.2177777737379074,0.3919999927282333,5.180179169984193,0.3571609213404021
1031.171914100647,20.812,20.187,0.2983333468437195,0.5370000243186951,12.880927222123567,0.8881090177400869,0.21722222864627838,0.3910000115633011,5.039416055516938,0.3474556424293596
1035.3484971523285,20.812,20.187,0.30611109733581543,0.5509999752044678,13.8685084075995,0.9562003702838072,0.21833333373069763,0.39300000071525576,5.3209460600835214,0.3668664605722146
1039.5390770435333,20.812,20.187,0.2961111068725586,0.5329999923706055,12.598757925569075,0.8686541219489663,0.21833333373069763,0.39300000071525576,5.3209460600835214,0.3668664605722146
1043.7260370254517,20.812,20.187,0.3027777671813965,0.5449999809265137,13.445258246922691,0.927018287505527,0.20888888835906982,0.3759999990463257,2.927927806555303,0.2018735952352524
1047.9486241340637,20.812,20.187,0.29722222685813904,0.5350000083446503,12.739842573846325,0.8783815698445269,0.21722222864627838,0.3910000115633011,5.039416055516938,0.3474556424293596
1052.1341171264648,20.812,20.25,0.3033333420753479,0.5460000157356263,13.515802463138783,0.9318821419075075,0.21722222864627838,0.3910000115633011,5.039416055516938,0.3474556424293596
1056.32550907135,20.812,20.187,0.2983333468437195,0.5370000243186951,12.880927222123567,0.8881090177400869,0.21944443881511688,0.3949999898672104,5.602476064650112,0.38627727871507006
1060.5153920650482,20.812,20.187,0.3055555522441864,0.5499999940395356,13.797967975538349,0.9513367767902278,0.21611110866069794,0.3889999955892563,4.757882275318281,0.32804456396573467
1064.700266122818,20.812,20.187,0.2961111068725586,0.5329999923706055,12.598757925569075,0.8686541219489663,0.21944443881511688,0.3949999898672104,5.602476064650112,0.38627727871507006
1068.9217081069946,20.812,20.187,0.30611109733581543,0.5509999752044678,13.8685084075995,0.9562003702838072,0.21888889372348785,0.39400000870227814,5.461712950182843,0.37657199980402656
1073.1136140823364,20.812,20.25,0.28388887643814087,0.5109999775886536,11.046838146984165,0.7616529778230053,0.21722222864627838,0.3910000115633011,5.039416055516938,0.3474556424293596
1077.3001861572266,20.812,20.187,0.3083333373069763,0.5550000071525574,14.150677704153992,0.9756552660749277,0.21555554866790771,0.3879999876022339,4.617115385218959,0.31833902473392267
1081.4900071620941,20.812,20.187,0.3016666769981384,0.5430000185966491,13.304177382800376,0.9172911005183672,0.21722222864627838,0.3910000115633011,5.039416055516938,0.3474556424293596
1085.682016134262,20.812,20.25,0.3077777922153473,0.5540000259876251,14.080137272092834,0.9707916725813479,0.21222221851348877,0.3819999933242798,3.7725215958871345,0.2601063099845878
1089.905888080597,20.812,20.25,0.2961111068725586,0.5329999923706055,12.598757925569075,0.8686541219489663,0.21611110866069794,0.3889999955892563,4.757882275318281,0.32804456396573467
1094.0850381851196,20.812,20.187,0.30611109733581543,0.5509999752044678,13.8685084075995,0.9562003702838072,0.21388888359069824,0.38499999046325684,4.194818490553047,0.2892226673592552
1098.2706880569458,20.812,20.187,0.30000001192092896,0.5400000214576721,13.092552302461975,0.9027000591292272,0.2150000035762787,0.38700000643730165,4.476352270751697,0.30863374582287967
1102.4581370353699,20.812,20.187,0.30388888716697693,0.5469999969005584,13.586342895199934,0.936745735401087,0.21888889372348785,0.39400000870227814,5.461712950182843,0.37657199980402656
1106.6343410015106,20.812,20.25,0.2983333468437195,0.5370000243186951,12.880927222123567,0.8881090177400869,0.21666666865348816,0.3900000035762787,4.898649165417602,0.33775010319754667
1110.8236050605774,20.812,20.187,0.2983333468437195,0.5370000243186951,12.880927222123567,0.8881090177400869,0.21555554866790771,0.3879999876022339,4.617115385218959,0.31833902473392267
1115.0133919715881,20.812,20.25,0.29944443702697754,0.5389999866485596,13.02200808624589,0.8978362047272471,0.21666666865348816,0.3900000035762787,4.898649165417602,0.33775010319754667
1119.2239229679108,20.812,20.187,0.301111102104187,0.5419999837875367,13.23363316658429,0.912427246116387,0.21611110866069794,0.3889999955892563,4.757882275318281,0.32804456396573467
1123.4094259738922,20.812,20.187,0.30222222208976746,0.5439999997615814,13.374717814861533,0.922154694011947,0.21555554866790771,0.3879999876022339,4.617115385218959,0.31833902473392267
1127.5955090522766,20.812,20.25,0.3033333420753479,0.5460000157356263,13.515802463138783,0.9318821419075075,0.2133333384990692,0.3840000092983246,4.054055376085785,0.2795173884482122
1131.7811660766602,20.812,20.25,0.3055555522441864,0.5499999940395356,13.797967975538349,0.9513367767902278,0.2133333384990692,0.3840000092983246,4.054055376085785,0.2795173884482122
1135.9774081707,20.812,20.187,0.2988888919353485,0.5380000054836274,12.951467654184732,0.8929726112336672,0.2133333384990692,0.3840000092983246,4.054055376085785,0.2795173884482122
1140.2007620334625,20.812,20.25,0.3055555522441864,0.5499999940395356,13.797967975538349,0.9513367767902278,0.212777778506279,0.3830000013113022,3.913288485986456,0.2698118492163998
1144.38622713089,20.812,20.187,0.30000001192092896,0.5400000214576721,13.092552302461975,0.9027000591292272,0.21555554866790771,0.3879999876022339,4.617115385218959,0.31833902473392267
1148.5786380767822,-0.062,20.25,0.30611109733581543,0.5509999752044678,13.8685084075995,0.9562003702838072,0.21388888359069824,0.38499999046325684,4.194818490553047,0.2892226673592552
1152.7706229686737,20.812,20.187,0.2944444417953491,0.5299999952316284,12.387132845230674,0.8540630805598264,0.22166666388511658,0.39899999499320987,6.165539849415353,0.42509917532155
1156.9651761054993,20.812,20.25,0.30388888716697693,0.5469999969005584,13.586342895199934,0.936745735401087,0.21388888359069824,0.38499999046325684,4.194818490553047,0.2892226673592552
1161.1579110622406,20.812,20.25,0.2966666519641876,0.5339999735355377,12.669298357630232,0.8735177154425462,0.21555554866790771,0.3879999876022339,4.617115385218959,0.31833902473392267
1165.3486070632935,20.812,20.187,0.30388888716697693,0.5469999969005584,13.586342895199934,0.936745735401087,0.21722222864627838,0.3910000115633011,5.039416055516938,0.3474556424293596
1169.5735590457916,20.812,20.25,0.30000001192092896,0.5400000214576721,13.092552302461975,0.9027000591292272,0.2133333384990692,0.3840000092983246,4.054055376085785,0.2795173884482122
1173.7609260082245,20.812,20.25,0.3077777922153473,0.5540000259876251,14.080137272092834,0.9707916725813479,0.21611110866069794,0.3889999955892563,4.757882275318281,0.32804456396573467
1177.9478771686554,20.812,20.25,0.30222222208976746,0.5439999997615814,13.374717814861533,0.922154694011947,0.2150000035762787,0.38700000643730165,4.476352270751697,0.30863374582287967
1182.1339130401611,20.875,20.25,0.31333333253860474,0.5639999985694886,14.785552945169208,1.0194283902423484,0.21722222864627838,0.3910000115633011,5.039416055516938,0.3474556424293596
1186.3251371383667,20.812,20.187,0.2961111068725586,0.5329999923706055,12.598757925569075,0.8686541219489663,0.21666666865348816,0.3900000035762787,4.898649165417602,0.33775010319754667
1190.5504760742188,20.812,20.25,0.3083333373069763,0.5550000071525574,14.150677704153992,0.9756552660749277,0.21555554866790771,0.3879999876022339,4.617115385218959,0.31833902473392267
1194.7363710403442,20.812,20.25,0.29555556178092957,0.5320000112056732,12.528217493507917,0.8637905284553864,0.21666666865348816,0.3900000035762787,4.898649165417602,0.33775010319754667
1198.9229981899261,20.875,20.25,0.3072222173213959,0.5529999911785126,14.00959305587675,0.9659278181793677,0.21944443881511688,0.3949999898672104,5.602476064650112,0.38627727871507006
1203.1105110645294,20.812,20.25,0.30000001192092896,0.5400000214576721,13.092552302461975,0.9027000591292272,0.21444444358348846,0.38599999845027927,4.335585380652375,0.2989282065910677
1207.2966220378876,20.875,20.25,0.3072222173213959,0.5529999911785126,14.00959305587675,0.9659278181793677,0.2150000035762787,0.38700000643730165,4.476352270751697,0.30863374582287967
1211.4875280857086,20.812,20.187,0.29944443702697754,0.5389999866485596,13.02200808624589,0.8978362047272471,0.2150000035762787,0.38700000643730165,4.476352270751697,0.30863374582287967
1215.674131155014,20.812,20.25,0.30611109733581543,0.5509999752044678,13.8685084075995,0.9562003702838072,0.21555554866790771,0.3879999876022339,4.617115385218959,0.31833902473392267
1219.8981511592865,20.812,20.187,0.29722222685813904,0.5350000083446503,12.739842573846325,0.8783815698445269,0.21444444358348846,0.38599999845027927,4.335585380652375,0.2989282065910677
1224.0865910053253,20.875,20.187,0.3050000071525574,0.5490000128746033,13.727427543477184,0.9464731832966474,0.2150000035762787,0.38700000643730165,4.476352270751697,0.30863374582287967
1228.2764511108398,20.875,20.187,0.29944443702697754,0.5389999866485596,13.02200808624589,0.8978362047272471,0.21666666865348816,0.3900000035762787,4.898649165417602,0.33775010319754667
1232.4672751426697,20.812,20.187,0.3050000071525574,0.5490000128746033,13.727427543477184,0.9464731832966474,0.21611110866069794,0.3889999955892563,4.757882275318281,0.32804456396573467
1236.6557791233063,20.812,20.187,0.2988888919353485,0.5380000054836274,12.951467654184732,0.8929726112336672,0.212777778506279,0.3830000013113022,3.913288485986456,0.2698118492163998
1240.8836901187897,20.812,20.25,0.3055555522441864,0.5499999940395356,13.797967975538349,0.9513367767902278,0.21388888359069824,0.38499999046325684,4.194818490553047,0.2892226673592552
1245.0713021755219,20.875,20.187,0.29777777194976807,0.5359999895095825,12.810383005907475,0.8832451633381062,0.2133333384990692,0.3840000092983246,4.054055376085785,0.2795173884482122
1249.262727022171,20.812,20.187,0.30444443225860596,0.5479999780654907,13.656883327261092,0.9416093288946669,0.21555554866790771,0.3879999876022339,4.617115385218959,0.31833902473392267
1253.4741320610046,20.875,20.187,0.2983333468437195,0.5370000243186951,12.880927222123567,0.8881090177400869,0.2133333384990692,0.3840000092983246,4.054055376085785,0.2795173884482122
1257.681704044342,20.812,20.25,0.30000001192092896,0.5400000214576721,13.092552302461975,0.9027000591292272,0.21388888359069824,0.38499999046325684,4.194818490553047,0.2892226673592552
1261.873859167099,20.812,20.25,0.300555557012558,0.5410000026226044,13.163092734523133,0.9075636526228071,0.2150000035762787,0.38700000643730165,4.476352270751697,0.30863374582287967
1266.0799441337585,20.875,20.187,0.30388888716697693,0.5469999969005584,13.586342895199934,0.936745735401087,0.21444444358348846,0.38599999845027927,4.335585380652375,0.2989282065910677
1270.3072261810303,20.875,20.187,0.29944443702697754,0.5389999866485596,13.02200808624589,0.8978362047272471,0.2150000035762787,0.38700000643730165,4.476352270751697,0.30863374582287967
1274.4936120510101,20.812,20.25,0.3100000023841858,0.5580000042915344,14.362302784492393,0.9902463074640676,0.21444444358348846,0.38599999845027927,4.335585380652375,0.2989282065910677
1278.6799931526184,20.875,20.25,0.2983333468437195,0.5370000243186951,12.880927222123567,0.8881090177400869,0.21444444358348846,0.38599999845027927,4.335585380652375,0.2989282065910677
1282.8723361492157,20.875,20.25,0.3033333420753479,0.5460000157356263,13.515802463138783,0.9318821419075075,0.2150000035762787,0.38700000643730165,4.476352270751697,0.30863374582287967
1287.058030128479,20.875,20.25,0.2988888919353485,0.5380000054836274,12.951467654184732,0.8929726112336672,0.21555554866790771,0.3879999876022339,4.617115385218959,0.31833902473392267
1291.2804341316223,20.812,20.25,0.30611109733581543,0.5509999752044678,13.8685084075995,0.9562003702838072,0.2150000035762787,0.38700000643730165,4.476352270751697,0.30863374582287967
1295.4642460346222,20.875,20.25,0.3144444525241852,0.5660000145435333,14.92663759344645,1.0291558381379085,0.21555554866790771,0.3879999876022339,4.617115385218959,0.31833902473392267
1299.6488091945648,20.875,20.25,0.30388888716697693,0.5469999969005584,13.586342895199934,0.936745735401087,0.2150000035762787,0.38700000643730165,4.476352270751697,0.30863374582287967
1303.8409230709076,20.875,20.25,0.30000001192092896,0.5400000214576721,13.092552302461975,0.9027000591292272,0.21611110866069794,0.3889999955892563,4.757882275318281,0.32804456396573467
1308.0269570350647,20.875,20.25,0.30444443225860596,0.5479999780654907,13.656883327261092,0.9416093288946669,0.21555554866790771,0.3879999876022339,4.617115385218959,0.31833902473392267
1312.2588970661163,20.875,20.25,0.30222222208976746,0.5439999997615814,13.374717814861533,0.922154694011947,0.21666666865348816,0.3900000035762787,4.898649165417602,0.33775010319754667
1316.452278137207,20.875,20.25,0.30000001192092896,0.5400000214576721,13.092552302461975,0.9027000591292272,0.2150000035762787,0.38700000643730165,4.476352270751697,0.30863374582287967
1320.635833978653,20.875,20.25,0.30444443225860596,0.5479999780654907,13.656883327261092,0.9416093288946669,0.2133333384990692,0.3840000092983246,4.054055376085785,0.2795173884482122
1324.825453042984,20.875,20.25,0.29777777194976807,0.5359999895095825,12.810383005907475,0.8832451633381062,0.21555554866790771,0.3879999876022339,4.617115385218959,0.31833902473392267
1329.0222880840302,20.875,20.25,0.30611109733581543,0.5509999752044678,13.8685084075995,0.9562003702838072,0.2133333384990692,0.3840000092983246,4.054055376085785,0.2795173884482122
1333.2098150253296,20.875,20.25,0.29722222685813904,0.5350000083446503,12.739842573846325,0.8783815698445269,0.21722222864627838,0.3910000115633011,5.039416055516938,0.3474556424293596
1337.400267124176,20.875,20.25,0.3083333373069763,0.5550000071525574,14.150677704153992,0.9756552660749277,0.2150000035762787,0.38700000643730165,4.476352270751697,0.30863374582287967
1341.6263790130615,20.875,20.25,0.300555557012558,0.5410000026226044,13.163092734523133,0.9075636526228071,0.21833333373069763,0.39300000071525576,5.3209460600835214,0.3668664605722146
1345.8129601478577,20.875,20.25,0.3077777922153473,0.5540000259876251,14.080137272092834,0.9707916725813479,0.21555554866790771,0.3879999876022339,4.617115385218959,0.31833902473392267
1349.997318983078,20.875,20.25,0.29722222685813904,0.5350000083446503,12.739842573846325,0.8783815698445269,0.21611110866069794,0.3889999955892563,4.757882275318281,0.32804456396573467
1354.1926510334015,20.875,20.25,0.30611109733581543,0.5509999752044678,13.8685084075995,0.9562003702838072,0.22055555880069733,0.3970000058412552,5.884009844848762,0.4056883571786945
1358.384339094162,20.875,20.25,0.30000001192092896,0.5400000214576721,13.092552302461975,0.9027000591292272,0.21166667342185974,0.38100001215934753,3.6317584814198653,0.2504010310735443
1362.6143209934235,20.875,20.25,0.3055555522441864,0.5499999940395356,13.797967975538349,0.9513367767902278,0.21611110866069794,0.3889999955892563,4.757882275318281,0.32804456396573467
1366.8061101436615,20.875,20.25,0.29722222685813904,0.5350000083446503,12.739842573846325,0.8783815698445269,0.21722222864627838,0.3910000115633011,5.039416055516938,0.3474556424293596
1370.9893341064453,20.875,20.25,0.30611109733581543,0.5509999752044678,13.8685084075995,0.9562003702838072,0.21388888359069824,0.38499999046325684,4.194818490553047,0.2892226673592552
1375.1741681098938,20.875,20.25,0.2938888967037201,0.5290000140666962,12.316592413169516,0.8491994870662465,0.2150000035762787,0.38700000643730165,4.476352270751697,0.30863374582287967
1379.358698129654,20.875,20.25,0.30944445729255676,0.5570000231266022,14.291762352431242,0.9853827139704883,0.21388888359069824,0.38499999046325684,4.194818490553047,0.2892226673592552
1383.5490081310272,20.875,20.25,0.2966666519641876,0.5339999735355377,12.669298357630232,0.8735177154425462,0.21444444358348846,0.38599999845027927,4.335585380652375,0.2989282065910677
1387.7459630966187,20.875,20.25,0.30666667222976685,0.5520000100135803,13.939052623815591,0.9610642246857879,0.21555554866790771,0.3879999876022339,4.617115385218959,0.31833902473392267
1391.9751460552216,20.875,20.25,0.29777777194976807,0.5359999895095825,12.810383005907475,0.8832451633381062,0.21444444358348846,0.38599999845027927,4.335585380652375,0.2989282065910677
1396.1662681102753,20.875,20.25,0.30444443225860596,0.5479999780654907,13.656883327261092,0.9416093288946669,0.21444444358348846,0.38599999845027927,4.335585380652375,0.2989282065910677
1400.350643157959,20.875,20.25,0.29499998688697815,0.5309999763965607,12.457673277291832,0.8589266740534063,0.212777778506279,0.3830000013113022,3.913288485986456,0.2698118492163998
1404.534746170044,20.875,20.25,0.30611109733581543,0.5509999752044678,13.8685084075995,0.9562003702838072,0.21833333373069763,0.39300000071525576,5.3209460600835214,0.3668664605722146
1408.7260451316833,20.875,20.25,0.2966666519641876,0.5339999735355377,12.669298357630232,0.8735177154425462,0.21611110866069794,0.3889999955892563,4.757882275318281,0.32804456396573467
1412.9487121105194,20.875,20.25,0.30666667222976685,0.5520000100135803,13.939052623815591,0.9610642246857879,0.21555554866790771,0.3879999876022339,4.617115385218959,0.31833902473392267
1417.1344430446625,20.875,20.25,0.300555557012558,0.5410000026226044,13.163092734523133,0.9075636526228071,0.21833333373069763,0.39300000071525576,5.3209460600835214,0.3668664605722146
1421.3210091590881,20.875,20.25,0.30944445729255676,0.5570000231266022,14.291762352431242,0.9853827139704883,0.22055555880069733,0.3970000058412552,5.884009844848762,0.4056883571786945
1425.5115621089935,20.875,20.25,0.29944443702697754,0.5389999866485596,13.02200808624589,0.8978362047272471,0.21555554866790771,0.3879999876022339,4.617115385218959,0.31833902473392267
1429.7085711956024,20.875,20.25,0.3083333373069763,0.5550000071525574,14.150677704153992,0.9756552660749277,0.21555554866790771,0.3879999876022339,4.617115385218959,0.31833902473392267
1433.9291729927063,20.875,20.25,0.2983333468437195,0.5370000243186951,12.880927222123567,0.8881090177400869,0.21555554866790771,0.3879999876022339,4.617115385218959,0.31833902473392267
1438.1169171333313,20.875,20.25,0.30000001192092896,0.5400000214576721,13.092552302461975,0.9027000591292272,0.21444444358348846,0.38599999845027927,4.335585380652375,0.2989282065910677
1442.3081979751587,20.875,20.25,0.29944443702697754,0.5389999866485596,13.02200808624589,0.8978362047272471,0.2133333384990692,0.3840000092983246,4.054055376085785,0.2795173884482122
1446.493479013443,20.875,20.312,0.300555557012558,0.5410000026226044,13.163092734523133,0.9075636526228071,0.21555554866790771,0.3879999876022339,4.617115385218959,0.31833902473392267
1450.6785559654236,20.875,20.312,0.3016666769981384,0.5430000185966491,13.304177382800376,0.9172911005183672,0.2083333283662796,0.3749999910593033,2.7871609164559814,0.19216805600344042
1454.874272108078,20.937,20.312,0.301111102104187,0.5419999837875367,13.23363316658429,0.912427246116387,0.21666666865348816,0.3900000035762787,4.898649165417602,0.33775010319754667
1459.0639200210571,20.875,20.312,0.2988888919353485,0.5380000054836274,12.951467654184732,0.8929726112336672,0.21444444358348846,0.38599999845027927,4.335585380652375,0.2989282065910677
1463.2869131565094,20.875,20.312,0.3033333420753479,0.5460000157356263,13.515802463138783,0.9318821419075075,0.21444444358348846,0.38599999845027927,4.335585380652375,0.2989282065910677
1467.4741439819336,20.937,20.312,0.3016666769981384,0.5430000185966491,13.304177382800376,0.9172911005183672,0.21444444358348846,0.38599999845027927,4.335585380652375,0.2989282065910677
1471.6653320789337,20.937,20.312,0.29944443702697754,0.5389999866485596,13.02200808624589,0.8978362047272471,0.21444444358348846,0.38599999845027927,4.335585380652375,0.2989282065910677
1475.8547141551971,20.875,20.312,0.30388888716697693,0.5469999969005584,13.586342895199934,0.936745735401087,0.21611110866069794,0.3889999955892563,4.757882275318281,0.32804456396573467
1480.0391471385956,20.875,20.312,0.30222222208976746,0.5439999997615814,13.374717814861533,0.922154694011947,0.21555554866790771,0.3879999876022339,4.617115385218959,0.31833902473392267
1484.2671129703522,20.937,20.312,0.300555557012558,0.5410000026226044,13.163092734523133,0.9075636526228071,0.21944443881511688,0.3949999898672104,5.602476064650112,0.38627727871507006
1488.4667160511017,20.937,20.312,0.30388888716697693,0.5469999969005584,13.586342895199934,0.936745735401087,0.2150000035762787,0.38700000643730165,4.476352270751697,0.30863374582287967
1492.7051630020142,20.937,20.312,0.29777777194976807,0.5359999895095825,12.810383005907475,0.8832451633381062,0.21444444358348846,0.38599999845027927,4.335585380652375,0.2989282065910677
1496.9024050235748,20.937,20.312,0.30888888239860535,0.5559999883174896,14.22121813621515,0.9805188595685076,0.21555554866790771,0.3879999876022339,4.617115385218959,0.31833902473392267
1501.1263720989227,20.937,20.312,0.300555557012558,0.5410000026226044,13.163092734523133,0.9075636526228071,0.22722221910953522,0.4089999943971634,7.573197423512411,0.5221537866773643
1505.356341123581,20.937,20.312,0.3077777922153473,0.5540000259876251,14.080137272092834,0.9707916725813479,0.21444444358348846,0.38599999845027927,4.335585380652375,0.2989282065910677
1509.5427031517029,20.937,20.312,0.29722222685813904,0.5350000083446503,12.739842573846325,0.8783815698445269,0.2133333384990692,0.3840000092983246,4.054055376085785,0.2795173884482122
1513.7302541732788,20.937,20.312,0.30611109733581543,0.5509999752044678,13.8685084075995,0.9562003702838072,0.21444444358348846,0.38599999845027927,4.335585380652375,0.2989282065910677
1517.9210720062256,20.937,20.312,0.2961111068725586,0.5329999923706055,12.598757925569075,0.8686541219489663,0.21555554866790771,0.3879999876022339,4.617115385218959,0.31833902473392267
1522.109214067459,20.937,20.312,0.2988888919353485,0.5380000054836274,12.951467654184732,0.8929726112336672,0.21388888359069824,0.38499999046325684,4.194818490553047,0.2892226673592552
1526.2877480983734,20.937,20.312,0.30000001192092896,0.5400000214576721,13.092552302461975,0.9027000591292272,0.20333333313465118,0.3659999996423721,1.5202702324582376,0.10481898387943758
1530.472174167633,20.937,20.312,0.3027777671813965,0.5449999809265137,13.445258246922691,0.927018287505527,0.21722222864627838,0.3910000115633011,5.039416055516938,0.3474556424293596
1534.6817560195923,20.937,20.312,0.2933333218097687,0.5279999792575837,12.246048196953431,0.8443356326642664,0.21555554866790771,0.3879999876022339,4.617115385218959,0.31833902473392267
1538.878023147583,20.937,20.312,0.2983333468437195,0.5370000243186951,12.880927222123567,0.8881090177400869,0.21555554866790771,0.3879999876022339,4.617115385218959,0.31833902473392267
1543.0643000602722,20.937,20.312,0.3033333420753479,0.5460000157356263,13.515802463138783,0.9318821419075075,0.21666666865348816,0.3900000035762787,4.898649165417602,0.33775010319754667
1547.2551910877228,20.937,20.312,0.2983333468437195,0.5370000243186951,12.880927222123567,0.8881090177400869,0.2150000035762787,0.38700000643730165,4.476352270751697,0.30863374582287967
1551.4385740756989,20.937,20.312,0.30388888716697693,0.5469999969005584,13.586342895199934,0.936745735401087,0.21722222864627838,0.3910000115633011,5.039416055516938,0.3474556424293596
1555.6501350402832,20.937,20.312,0.2988888919353485,0.5380000054836274,12.951467654184732,0.8929726112336672,0.21555554866790771,0.3879999876022339,4.617115385218959,0.31833902473392267
1559.8373119831085,20.937,20.312,0.3083333373069763,0.5550000071525574,14.150677704153992,0.9756552660749277,0.21611110866069794,0.3889999955892563,4.757882275318281,0.32804456396573467
1564.0281891822815,20.937,20.312,0.29777777194976807,0.5359999895095825,12.810383005907475,0.8832451633381062,0.2150000035762787,0.38700000643730165,4.476352270751697,0.30863374582287967
1568.2144420146942,20.937,20.312,0.30388888716697693,0.5469999969005584,13.586342895199934,0.936745735401087,0.21611110866069794,0.3889999955892563,4.757882275318281,0.32804456396573467
1572.4017720222473,20.937,20.312,0.2966666519641876,0.5339999735355377,12.669298357630232,0.8735177154425462,0.21555554866790771,0.3879999876022339,4.617115385218959,0.31833902473392267
1576.6131620407104,20.937,20.312,0.30666667222976685,0.5520000100135803,13.939052623815591,0.9610642246857879,0.21444444358348846,0.38599999845027927,4.335585380652375,0.2989282065910677
1580.7991871833801,20.937,20.312,0.2944444417953491,0.5299999952316284,12.387132845230674,0.8540630805598264,0.21555554866790771,0.3879999876022339,4.617115385218959,0.31833902473392267
1584.9962360858917,20.937,20.312,0.30611109733581543,0.5509999752044678,13.8685084075995,0.9562003702838072,0.21444444358348846,0.38599999845027927,4.335585380652375,0.2989282065910677
1589.1828351020813,20.937,20.375,0.29499998688697815,0.5309999763965607,12.457673277291832,0.8589266740534063,0.21722222864627838,0.3910000115633011,5.039416055516938,0.3474556424293596
1593.369194984436,20.937,20.375,0.30611109733581543,0.5509999752044678,13.8685084075995,0.9562003702838072,0.21611110866069794,0.3889999955892563,4.757882275318281,0.32804456396573467
1597.5947980880737,20.937,20.375,0.2966666519641876,0.5339999735355377,12.669298357630232,0.8735177154425462,0.21555554866790771,0.3879999876022339,4.617115385218959,0.31833902473392267
1601.786062002182,20.937,20.312,0.3077777922153473,0.5540000259876251,14.080137272092834,0.9707916725813479,0.21611110866069794,0.3889999955892563,4.757882275318281,0.32804456396573467
1605.9702610969543,20.937,20.375,0.29722222685813904,0.5350000083446503,12.739842573846325,0.8783815698445269,0.21722222864627838,0.3910000115633011,5.039416055516938,0.3474556424293596
1610.1553840637207,21.0,20.375,0.30666667222976685,0.5520000100135803,13.939052623815591,0.9610642246857879,0.2133333384990692,0.3840000092983246,4.054055376085785,0.2795173884482122
1614.3453960418701,20.937,20.375,0.2983333468437195,0.5370000243186951,12.880927222123567,0.8881090177400869,0.20777778327465057,0.37400000989437104,2.6463978019887193,0.18246277709239742
1618.5384950637817,20.937,20.375,0.30611109733581543,0.5509999752044678,13.8685084075995,0.9562003702838072,0.22333332896232605,0.4019999921321869,6.587836744081265,0.45421553269621745
1622.7285420894623,20.937,20.375,0.2938888967037201,0.5290000140666962,12.316592413169516,0.8491994870662465,0.21555554866790771,0.3879999876022339,4.617115385218959,0.31833902473392267
1626.9586491584778,20.937,20.375,0.3077777922153473,0.5540000259876251,14.080137272092834,0.9707916725813479,0.21222221851348877,0.3819999933242798,3.7725215958871345,0.2601063099845878
1631.1514821052551,20.937,20.375,0.29722222685813904,0.5350000083446503,12.739842573846325,0.8783815698445269,0.2199999988079071,0.3959999978542328,5.743242954749434,0.39598281794688206
1635.3372950553894,20.937,20.375,0.3027777671813965,0.5449999809265137,13.445258246922691,0.927018287505527,0.21555554866790771,0.3879999876022339,4.617115385218959,0.31833902473392267
1639.5252180099487,20.937,20.375,0.2988888919353485,0.5380000054836274,12.951467654184732,0.8929726112336672,0.21611110866069794,0.3889999955892563,4.757882275318281,0.32804456396573467
1643.7124741077423,21.0,20.375,0.3027777671813965,0.5449999809265137,13.445258246922691,0.927018287505527,0.2150000035762787,0.38700000643730165,4.476352270751697,0.30863374582287967
1647.9391090869904,21.0,20.375,0.2938888967037201,0.5290000140666962,12.316592413169516,0.8491994870662465,0.2133333384990692,0.3840000092983246,4.054055376085785,0.2795173884482122
1652.12997508049,21.0,20.375,0.30388888716697693,0.5469999969005584,13.586342895199934,0.936745735401087,0.21444444358348846,0.38599999845027927,4.335585380652375,0.2989282065910677
1656.3159801959991,21.0,20.375,0.30000001192092896,0.5400000214576721,13.092552302461975,0.9027000591292272,0.21444444358348846,0.38599999845027927,4.335585380652375,0.2989282065910677
1660.5091931819916,21.0,20.375,0.30222222208976746,0.5439999997615814,13.374717814861533,0.922154694011947,0.21555554866790771,0.3879999876022339,4.617115385218959,0.31833902473392267
1664.6929399967194,21.0,20.375,0.301111102104187,0.5419999837875367,13.23363316658429,0.912427246116387,0.2133333384990692,0.3840000092983246,4.054055376085785,0.2795173884482122
1668.8864080905914,21.0,20.375,0.3033333420753479,0.5460000157356263,13.515802463138783,0.9318821419075075,0.21944443881511688,0.3949999898672104,5.602476064650112,0.38627727871507006
1673.0790719985962,21.0,20.375,0.29944443702697754,0.5389999866485596,13.02200808624589,0.8978362047272471,0.2177777737379074,0.3919999927282333,5.180179169984193,0.3571609213404021
1677.314073085785,21.0,20.375,0.30611109733581543,0.5509999752044678,13.8685084075995,0.9562003702838072,0.21722222864627838,0.3910000115633011,5.039416055516938,0.3474556424293596
1681.5051591396332,21.0,20.375,0.301111102104187,0.5419999837875367,13.23363316658429,0.912427246116387,0.2133333384990692,0.3840000092983246,4.054055376085785,0.2795173884482122
1685.6878321170807,21.0,20.375,0.2961111068725586,0.5329999923706055,12.598757925569075,0.8686541219489663,0.21833333373069763,0.39300000071525576,5.3209460600835214,0.3668664605722146
1689.876466035843,21.0,20.375,0.30388888716697693,0.5469999969005584,13.586342895199934,0.936745735401087,0.21555554866790771,0.3879999876022339,4.617115385218959,0.31833902473392267
1694.0690469741821,21.0,20.375,0.3027777671813965,0.5449999809265137,13.445258246922691,0.927018287505527,0.21611110866069794,0.3889999955892563,4.757882275318281,0.32804456396573467
1698.2943279743195,21.0,20.375,0.29777777194976807,0.5359999895095825,12.810383005907475,0.8832451633381062,0.21666666865348816,0.3900000035762787,4.898649165417602,0.33775010319754667
1702.4879081249237,21.0,20.375,0.2983333468437195,0.5370000243186951,12.880927222123567,0.8881090177400869,0.21666666865348816,0.3900000035762787,4.898649165417602,0.33775010319754667
1706.6790590286255,21.0,20.375,0.3033333420753479,0.5460000157356263,13.515802463138783,0.9318821419075075,0.21722222864627838,0.3910000115633011,5.039416055516938,0.3474556424293596
1710.8624000549316,21.0,20.375,0.2938888967037201,0.5290000140666962,12.316592413169516,0.8491994870662465,0.2199999988079071,0.3959999978542328,5.743242954749434,0.39598281794688206
1715.0384039878845,21.0,20.375,0.30611109733581543,0.5509999752044678,13.8685084075995,0.9562003702838072,0.21722222864627838,0.3910000115633011,5.039416055516938,0.3474556424293596
1719.2295429706573,21.0,20.375,0.2944444417953491,0.5299999952316284,12.387132845230674,0.8540630805598264,0.21666666865348816,0.3900000035762787,4.898649165417602,0.33775010319754667
1723.4151270389557,21.0,20.437,0.3050000071525574,0.5490000128746033,13.727427543477184,0.9464731832966474,0.212777778506279,0.3830000013113022,3.913288485986456,0.2698118492163998
1727.6402711868286,21.0,20.437,0.2983333468437195,0.5370000243186951,12.880927222123567,0.8881090177400869,0.22333332896232605,0.4019999921321869,6.587836744081265,0.45421553269621745
1731.8255410194397,21.0,20.437,0.3083333373069763,0.5550000071525574,14.150677704153992,0.9756552660749277,0.21833333373069763,0.39300000071525576,5.3209460600835214,0.3668664605722146
1736.0089881420135,21.0,20.437,0.2966666519641876,0.5339999735355377,12.669298357630232,0.8735177154425462,0.21944443881511688,0.3949999898672104,5.602476064650112,0.38627727871507006
1740.1927001476288,21.0,20.437,0.30444443225860596,0.5479999780654907,13.656883327261092,0.9416093288946669,0.21944443881511688,0.3949999898672104,5.602476064650112,0.38627727871507006
1744.3766720294952,21.0,20.437,0.2961111068725586,0.5329999923706055,12.598757925569075,0.8686541219489663,0.21833333373069763,0.39300000071525576,5.3209460600835214,0.3668664605722146
1748.6013131141663,21.0,20.437,0.30888888239860535,0.5559999883174896,14.22121813621515,0.9805188595685076,0.21611110866069794,0.3889999955892563,4.757882275318281,0.32804456396573467
1752.7893631458282,21.0,20.437,0.2966666519641876,0.5339999735355377,12.669298357630232,0.8735177154425462,0.21666666865348816,0.3900000035762787,4.898649165417602,0.33775010319754667
1756.9758591651917,21.0,20.437,0.3072222173213959,0.5529999911785126,14.00959305587675,0.9659278181793677,0.21444444358348846,0.38599999845027927,4.335585380652375,0.2989282065910677
1761.1677241325378,21.0,20.437,0.30888888239860535,0.5559999883174896,14.22121813621515,0.9805188595685076,0.21722222864627838,0.3910000115633011,5.039416055516938,0.3474556424293596
1765.356674194336,21.0,20.437,0.30611109733581543,0.5509999752044678,13.8685084075995,0.9562003702838072,0.21722222864627838,0.3910000115633011,5.039416055516938,0.3474556424293596
1769.5461530685425,21.0,20.437,0.300555557012558,0.5410000026226044,13.163092734523133,0.9075636526228071,0.21555554866790771,0.3879999876022339,4.617115385218959,0.31833902473392267
1773.7317171096802,21.062,20.437,0.30944445729255676,0.5570000231266022,14.291762352431242,0.9853827139704883,0.21833333373069763,0.39300000071525576,5.3209460600835214,0.3668664605722146
1777.9566140174866,21.0,20.437,0.29777777194976807,0.5359999895095825,12.810383005907475,0.8832451633381062,0.20999999344348907,0.37799998819828035,3.2094578111218937,0.22128441337810786
1782.1481909751892,21.0,20.437,0.30388888716697693,0.5469999969005584,13.586342895199934,0.936745735401087,0.2177777737379074,0.3919999927282333,5.180179169984193,0.3571609213404021
1786.3251490592957,21.0,20.437,0.300555557012558,0.5410000026226044,13.163092734523133,0.9075636526228071,0.21833333373069763,0.39300000071525576,5.3209460600835214,0.3668664605722146
1790.5206861495972,21.0,20.437,0.30000001192092896,0.5400000214576721,13.092552302461975,0.9027000591292272,0.21722222864627838,0.3910000115633011,5.039416055516938,0.3474556424293596
1794.7053110599518,21.0,20.437,0.3016666769981384,0.5430000185966491,13.304177382800376,0.9172911005183672,0.21722222864627838,0.3910000115633011,5.039416055516938,0.3474556424293596
1798.92902302742,21.0,20.437,0.3149999976158142,0.5669999957084656,14.997178025507608,1.0340194316314884,0.21833333373069763,0.39300000071525576,5.3209460600835214,0.3668664605722146
1803.1148750782013,21.0,20.437,0.301111102104187,0.5419999837875367,13.23363316658429,0.912427246116387,0.21833333373069763,0.39300000071525576,5.3209460600835214,0.3668664605722146
1807.3025300502777,21.0,20.437,0.2988888919353485,0.5380000054836274,12.951467654184732,0.8929726112336672,0.21944443881511688,0.3949999898672104,5.602476064650112,0.38627727871507006
1811.487683057785,21.0,20.437,0.3050000071525574,0.5490000128746033,13.727427543477184,0.9464731832966474,0.22055555880069733,0.3970000058412552,5.884009844848762,0.4056883571786945
1815.674194097519,21.0,20.437,0.3016666769981384,0.5430000185966491,13.304177382800376,0.9172911005183672,0.21666666865348816,0.3900000035762787,4.898649165417602,0.33775010319754667
1819.8982920646667,21.0,20.437,0.30000001192092896,0.5400000214576721,13.092552302461975,0.9027000591292272,0.22277778387069702,0.4010000109672546,6.447073629613996,0.44451025378517395
1824.0832660198212,21.062,20.437,0.29777777194976807,0.5359999895095825,12.810383005907475,0.8832451633381062,0.21888889372348785,0.39400000870227814,5.461712950182843,0.37657199980402656
1828.2689039707184,21.0,20.437,0.30611109733581543,0.5509999752044678,13.8685084075995,0.9562003702838072,0.21888889372348785,0.39400000870227814,5.461712950182843,0.37657199980402656
1832.460401058197,21.0,20.437,0.2933333218097687,0.5279999792575837,12.246048196953431,0.8443356326642664,0.21833333373069763,0.39300000071525576,5.3209460600835214,0.3668664605722146
1836.6439480781555,21.062,20.437,0.30611109733581543,0.5509999752044678,13.8685084075995,0.9562003702838072,0.21888889372348785,0.39400000870227814,5.461712950182843,0.37657199980402656
1840.8276190757751,21.0,20.437,0.3016666769981384,0.5430000185966491,13.304177382800376,0.9172911005183672,0.21944443881511688,0.3949999898672104,5.602476064650112,0.38627727871507006
1845.0178091526031,21.0,20.437,0.3027777671813965,0.5449999809265137,13.445258246922691,0.927018287505527,0.21944443881511688,0.3949999898672104,5.602476064650112,0.38627727871507006
1849.2434701919556,21.062,20.437,0.29777777194976807,0.5359999895095825,12.810383005907475,0.8832451633381062,0.21888889372348785,0.39400000870227814,5.461712950182843,0.37657199980402656
1853.435830116272,21.062,20.437,0.30611109733581543,0.5509999752044678,13.8685084075995,0.9562003702838072,0.22166666388511658,0.39899999499320987,6.165539849415353,0.42509917532155
1857.623234987259,21.0,20.437,0.2983333468437195,0.5370000243186951,12.880927222123567,0.8881090177400869,0.22055555880069733,0.3970000058412552,5.884009844848762,0.4056883571786945
1861.8178141117096,21.0,20.437,0.3050000071525574,0.5490000128746033,13.727427543477184,0.9464731832966474,0.21833333373069763,0.39300000071525576,5.3209460600835214,0.3668664605722146
1866.0031831264496,21.0,20.437,0.29777777194976807,0.5359999895095825,12.810383005907475,0.8832451633381062,0.22277778387069702,0.4010000109672546,6.447073629613996,0.44451025378517395
1870.2249941825867,21.0,20.437,0.3077777922153473,0.5540000259876251,14.080137272092834,0.9707916725813479,0.22277778387069702,0.4010000109672546,6.447073629613996,0.44451025378517395
1874.4151389598846,21.062,20.437,0.2983333468437195,0.5370000243186951,12.880927222123567,0.8881090177400869,0.21944443881511688,0.3949999898672104,5.602476064650112,0.38627727871507006
