"2018-Jun-20,15:42:32",Drops,mL/min
Time(s),F1,F1
0.11541891098022461,27.551810816728704
0.7720739841461182,8.237552528121896
1.4190900325775146,6.722617861442064
2.053515911102295,6.194254415672925
2.7059810161590576,5.875872707550953
3.3345189094543457,5.72196485253167
3.994295835494995,5.572947251975746
4.64285683631897,5.479384977153373
5.276824951171875,5.42371601575377
5.936883926391602,5.356345246811626
6.563537836074829,5.329442881816154
7.2154319286346436,5.2886646811206095
7.860602855682373,5.259138613028339
8.497938871383667,5.2389174214842384
9.154417037963867,5.210599408152971
9.791102886199951,5.196554524180591
10.431287050247192,5.1824860862897
11.077085018157959,5.167424453831501
11.714675903320312,5.157633083376642
12.370502948760986,5.141262264229127
13.016876935958862,5.130262837126591
13.65162992477417,5.124662797446679
14.303366899490356,5.113481358197282
14.933786869049072,5.110559074482076
15.591647863388062,5.0988837547235795
16.240136861801147,5.091090100014722
16.874969959259033,5.088009057633313
17.53425884246826,5.078058947341627
18.160511016845703,5.078050937798868
18.814599990844727,5.070530335293978
19.459951877593994,5.065788477797013
20.097238063812256,5.063382325317248
20.753509044647217,5.056494290880718
21.388332843780518,5.055092455765671
22.03238296508789,5.051655110405622
22.677979946136475,5.0480686671346735
23.31565499305725,5.046394795043752
23.973110914230347,5.040647433382116
24.62065601348877,5.037233773627067
25.255708932876587,5.036485031485993
25.90871787071228,5.032282980987805
26.53585386276245,5.033190214671165
27.197816848754883,5.027609412931978
27.8466739654541,5.024657529067252
28.48095703125,5.024409813300417
29.139714002609253,5.019953180971566
29.76758885383606,5.020897081516212
30.417577981948853,5.018151020787499
31.061727046966553,5.016462856826796
31.69822382926941,5.016053923285854
32.3560049533844,5.012361700205395
32.99065804481506,5.012328028600466
33.633662939071655,5.0110509909466305
34.27908205986023,5.0094690312923795
34.91722393035889,5.008989269846641
35.57320284843445,5.0060153638327
36.2192919254303,5.004515283545167
36.85443997383118,5.00455305062194
37.506108045578,5.002385205417775
38.13711595535278,5.003000232722632
38.79529690742493,5.0000906156971485
39.44370484352112,4.998516259620191
40.07885503768921,4.998645789945971
40.73754000663757,4.99588340304396
41.36280798912048,4.997242935111358
42.01721906661987,4.995094979209057
42.66318488121033,4.994001282211719
43.30078196525574,4.99390519491102
43.958317041397095,4.991546873674997
44.59372591972351,4.991733599491526
45.23784303665161,4.990954140255394
45.8852219581604,4.989841832055928
46.522188901901245,4.989876991589985
47.1788010597229,4.987833406408783
47.825778007507324,4.986850396088948
48.46015000343323,4.987190505660379
49.11378288269043,4.985565876382492
49.74100399017334,4.986630347248356
50.40174698829651,4.984351039624367
51.0510630607605,4.983245886519846
51.68547987937927,4.98360469132
52.345540046691895,4.981513224763823
52.97457790374756,4.982389864050775
53.624143838882446,4.981338271853459
54.26907992362976,4.980736735916291
54.90550088882446,4.980921684946589
55.561835050582886,4.97931718324515
56.200891971588135,4.97928040255074
56.84059000015259,4.979188287792935
57.48716187477112,4.9785028633602115
58.12425684928894,4.978644299063242
58.781522035598755,4.977074255117489
59.428755044937134,4.976378855259139
60.06206488609314,4.9768518709254765
60.71553087234497,4.97566266257588
61.34103989601135,4.976765971322416
62.00166702270508,4.975027524454166
62.6507089138031,4.974245390084325
63.28467798233032,4.974663852882378
63.944931983947754,4.973028981871906
64.57108402252197,4.974053089893527
65.2221999168396,4.973153319169997
65.86669492721558,4.972771145750372
66.50403499603271,4.972931341981416
67.16098999977112,4.971636064345357
67.79846286773682,4.971794134294538
68.44049906730652,4.9716177502647625
69.08810496330261,4.971043860334921
69.72555994987488,4.9712042506246235
70.38094687461853,4.970095111439149
71.02842402458191,4.969559790286755
71.66249799728394,4.9699635088564555
72.31632590293884,4.969002441887011
72.94324684143066,4.969891192094483
73.60415005683899,4.9684698446704045
74.25276184082031,4.96789601968999
74.88719892501831,4.968272352829345
75.54739189147949,4.966948436009753
76.1745958328247,4.9677979366046525
76.82593584060669,4.96707258850342
77.47078490257263,4.966775546212677
78.10836887359619,4.966945355469409
78.76480197906494,4.965923739692279
79.39481902122498,4.966570928193497
81.75530004501343,4.862070101646518
82.67986488342285,4.8461617658053955
83.5971188545227,4.831027737963133
84.50211691856384,4.816920745219573
85.42862486839294,4.801903350685609
86.34721183776855,4.787647350752992
87.26149702072144,4.773926808762831
88.18466091156006,4.760011499289827
89.11048889160156,4.746242617010948
90.0290539264679,4.733138708177892
90.94566202163696,4.720401066494682
91.87293601036072,4.707371058123453
92.78929495811462,4.695153683371108
93.69512486457825,4.683701533396482
94.62132692337036,4.671462706900871
95.54363489151001,4.659651064202502
96.45752191543579,4.648471068882469
97.37957286834717,4.6371121447666335
98.3090398311615,4.625617346898945
99.22863388061523,4.614796980385082
100.14328098297119,4.604402766456269
101.07103204727173,4.593601060518037
101.9881420135498,4.583474027185384
102.89498400688171,4.573983897684683
103.82199501991272,4.563772829727678
104.74376893043518,4.553970177613105
105.65815806388855,4.544656170417513
106.57889485359192,4.535231864282272
107.50730895996094,4.525645788243129
108.42806792259216,4.516542712442463
109.34117102622986,4.507908552413054
110.26869583129883,4.498828940164103
111.18541193008423,4.490337278364767
112.09280586242676,4.482357240808589
113.01966190338135,4.473734848297867
113.94083595275879,4.465475399978235
114.85575699806213,4.457591098447405
115.77874183654785,4.449521490977021
116.70652484893799,4.441396919931652
117.62770986557007,4.43364918517937
118.53900003433228,4.426391312968996
119.46604704856873,4.4186613104005295
120.38162684440613,4.411470536831985
121.28890299797058,4.40468985038919
122.21542000770569,4.397317457699819
123.13868188858032,4.3901720540516385
124.05274295806885,4.383458092368046
124.97522783279419,4.376547332498438
125.90539693832397,4.369471153563748
126.82621693611145,4.3628203487196515
127.7357280254364,4.356651099911392
128.6605930328369,4.350049901115859
129.5788140296936,4.343765639582239
130.48937702178955,4.337824372519464
131.41643285751343,4.3314217835844735
132.33741402626038,4.325307428830487
133.25202894210815,4.319483947595747
134.17210483551025,4.313564289011766
135.1020429134369,4.3074108092714996
136.0245840549469,4.301575366432598
136.93387293815613,4.29623428722925
137.8596749305725,4.290449693123643
138.77523589134216,4.285058470126509
139.68622493743896,4.27987799274949
140.61033391952515,4.274365782702564
141.53263187408447,4.26898017792484
142.44934606552124,4.263831437461485
143.37229895591736,4.258563226273777
144.3011350631714,4.253188997656325
145.22342896461487,4.248074876060933
146.13248586654663,4.2434096451783985
147.0577838420868,4.2383339644862925
147.97686386108398,4.233499640782365
148.8878788948059,4.228954060423287
149.81382703781128,4.224042683592105
150.73873805999756,4.219220674030434
151.65443992614746,4.214713399167656
152.57584595680237,4.210102824413416
153.50544595718384,4.205323113943826
154.42753386497498,4.200805282348249
155.33814191818237,4.196651202016824
156.26554584503174,4.192094914189476
157.18214893341064,4.187880140758657
158.09264087677002,4.183875962421166
159.0194058418274,4.179489896101617
159.94250988960266,4.175250222476416
160.85833191871643,4.17124802922272
161.78261494636536,4.167073206373253
162.70987701416016,4.162869596054412
163.63092684745789,4.158871511095229
164.54063892364502,4.155204480014634
165.4677538871765,4.15114113695135
166.38449501991272,4.147381641044223
167.2935528755188,4.143853651765241
168.2188858985901,4.139963216852079
169.14225101470947,4.136163470705845
170.05897402763367,4.132566387739127
170.98414206504822,4.12880394330036
171.91441202163696,4.124959575295807
172.83480501174927,4.121392100113034
173.748144865036,4.1180295798598925
174.6762969493866,4.114353306952926
175.59446597099304,4.110949602017903
176.50301599502563,4.107805160793591
177.43038702011108,4.104257518851373
178.3531048297882,4.1008537569223344
179.26855301856995,4.0976511921971435
180.19255805015564,4.094286734053958
181.12318205833435,4.090807104754627
182.04291105270386,4.087607672811644
182.96067595481873,4.084484253788733
183.889634847641,4.081143565388005
184.80909299850464,4.078046094875311
185.71450400352478,4.075287517584709
186.64150500297546,4.072084609411415
187.56277990341187,4.069037579806722
188.47653985023499,4.066182457556637
189.400043964386,4.063145836147245
190.32821083068848,4.060039216610991
191.246887922287,4.057164058613568
192.1633608341217,4.0543628952895485
193.09271097183228,4.051318126214078
194.01077604293823,4.048538004023874
194.9151508808136,4.046068232439438
195.83967304229736,4.043205279601254
196.76406693458557,4.040371864565589
197.67978501319885,4.037742149237497
198.60480403900146,4.034947713765429
199.52990794181824,4.032177473036268
200.44651293754578,4.029603649187281
201.36298394203186,4.027055937120205
202.29220700263977,4.02427761337033
203.21142601966858,4.0217226757756155
204.11465787887573,4.01950554911573
205.0408730506897,4.016857652553921
205.96372985839844,4.014299025213958
206.87890195846558,4.011912245003275
207.80242705345154,4.009385317649308
208.73217391967773,4.0067613166422165
209.64955186843872,4.004396825645607
210.56589102745056,4.002072680850959
211.49484992027283,3.999530013704216
212.41445994377136,3.997185503401022
213.31988191604614,3.9951269068084625
214.24535584449768,3.9927119849490507
215.16975498199463,3.9903377687623776
216.08455300331116,3.9881610602068096
217.01037883758545,3.985800147592719
217.93792486190796,3.983427852449635
218.8553409576416,3.9812599326449147
219.78195095062256,3.9789436585557927
220.7125940322876,3.976574168085787
221.6344268321991,3.974382556852979
222.5434868335724,3.9724370844477837
223.47050189971924,3.9701884251288497
224.3906478881836,3.9680798125049153
225.3015320301056,3.966151459105909
226.2288019657135,3.9639515048835827
227.15141892433167,3.961850664467064
228.0665898323059,3.9598961016782477
228.98971796035767,3.957819626455443
229.917249917984,3.9556840573050924
230.83749198913574,3.953690503806695
231.74671006202698,3.951900761632713
232.67295598983765,3.9498359235189313
233.59016394615173,3.9479402061320945
234.49984097480774,3.9461860449594646
235.42699193954468,3.9441526748914373
236.3505139350891,3.9421957857721917
237.2671320438385,3.940368781577636
238.19054889678955,3.938443419963269
239.11992192268372,3.9364348751516838
240.04007983207703,3.934592925734354
240.94899892807007,3.932948483769782
241.87487983703613,3.9310407126222344
242.792151927948,3.929286809415129
243.70283603668213,3.9276522816333794
244.6302468776703,3.9257614798559124
245.55519485473633,3.92392431595676
246.4702799320221,3.922257889537946
247.39340686798096,3.9204763468800823
248.32084703445435,3.918639983798806
249.24165987968445,3.916921434688192
250.15337204933167,3.915357974094584
251.08089685440063,3.913559383889774
251.9985740184784,3.9119268981566293
252.9065020084381,3.9104569955540454
253.8331708908081,3.908709001735629
254.75721287727356,3.9070140105493065
255.67215991020203,3.905470194137302
256.5959458351135,3.9038029098233857
257.52532291412354,3.902062867561554
258.4447009563446,3.9004862404599163
259.3565719127655,3.8990336452323646
260.2830719947815,3.897372165717863
261.19892597198486,3.895881256836193
262.106351852417,3.894525992162013
263.0318319797516,3.892912855044956
263.9531829357147,3.891371903820375
264.8683989048004,3.889931770872825
265.790894985199,3.8883950485119216
266.72145891189575,3.8867513856185045
267.643070936203,3.885249098221068
268.5533628463745,3.8839208302771064
269.4797899723053,3.8823690641421424
270.39631485939026,3.8809700514805536
271.30608797073364,3.8796770388489916
272.2307028770447,3.878181222185078
273.15024399757385,3.8767675419298024
274.06498193740845,3.87543126630665
274.9871199131012,3.8739996270976107
275.9151420593262,3.8724949708278777
276.8368740081787,3.8710883578621087
277.74018383026123,3.869947751805623
278.66456294059753,3.868522027430519
279.5849049091339,3.8671615706555893
280.49833393096924,3.86590531502717
281.4236080646515,3.864494551395826
282.3502049446106,3.8630749363683776
283.26653003692627,3.861804639811833
284.18974685668945,3.8604489153271357
285.11879301071167,3.859023070284474
286.039666891098,3.8577167006005246
286.94401693344116,3.8566407894704198
287.86905002593994,3.8552946205922236
288.78994488716125,3.854012300999198
289.7020888328552,3.852854511670382
290.62542700767517,3.851555631333106
291.55227398872375,3.8502186405289915
292.46886801719666,3.8490250522452523
293.3924560546875,3.8477471956183367
294.3208909034729,3.8464140160926705
295.24408292770386,3.845157500677126
296.1541669368744,3.844078953117211
297.0838768482208,3.842753137974061
298.00162386894226,3.8415898045692196
298.90963196754456,3.8405587415953426
299.83387994766235,3.8393259634332892
300.75785398483276,3.838104257979622
301.6735339164734,3.8369955261653517
302.59688091278076,3.835796312568586
303.5254168510437,3.834538840518844
304.44656801223755,3.8333820204308853
305.3557229042053,3.8323827333903338
306.28140902519226,3.8311825838031317
307.19840383529663,3.830098025609632
308.1095230579376,3.8290929416620187
309.03469800949097,3.82791967251415
309.9586899280548,3.8267680131030284
310.8746118545532,3.825722508843659
311.7962808609009,3.8246126499886
312.7240538597107,3.823434703031789
313.6452238559723,3.822344192783
314.55348205566406,3.821416924538398
315.48045897483826,3.8202683104886845
316.39797496795654,3.8192406260576783
317.3085789680481,3.818302057701383
318.2357008457184,3.8171707221149247
319.15815901756287,3.8161017213192356
320.07344102859497,3.8151244166831906
320.99430990219116,3.8140863006981385
321.9232609272003,3.8129583940738665
322.8448028564453,3.8119244575456883
323.7537188529968,3.8110450263591744
324.6803090572357,3.8099631098414846
325.5993740558624,3.8089753814674756
326.51062297821045,3.808084369992998
327.4374680519104,3.8070169776733556
328.3605680465698,3.8059990194156184
329.27612590789795,3.8050739225183148
330.196585893631,3.8040974790836812
331.125648021698,3.8030276649469386
332.0474760532379,3.8020466681625584
332.9552779197693,3.801231228132012
333.88083696365356,3.800218100382096
334.7998809814453,3.799284504735217
335.7123918533325,3.7984299386753237
336.638573884964,3.797425782931343
337.5607240200043,3.796472482752627
338.4754869937897,3.7956072134215493
339.3958339691162,3.7946841743413806
340.32408595085144,3.7936780066352807
341.2462258338928,3.792745243811142
342.15317702293396,3.791985833038267
343.07857298851013,3.791026611398312
343.9997169971466,3.790119397135477
344.91210889816284,3.7893131794508634
345.8388228416443,3.788354324233597
346.76058197021484,3.7874547116569603
347.6756429672241,3.786632818923442
348.60086703300476,3.7857048699625113
349.5259299278259,3.7847835789269286
350.44744086265564,3.783905503021488
351.3537428379059,3.7831957879931672
352.2794289588928,3.782281593727345
353.2004220485687,3.7814224350398455
354.1110599040985,3.780678300086342
355.03569293022156,3.7797889810018277
355.9561860561371,3.778948232094668
356.87185192108154,3.778162925268106
357.7949569225311,3.7773031001457724
358.72173404693604,3.7764090419532548
359.6432418823242,3.7755749083262176
360.547082901001,3.77493000095556
361.4742159843445,3.7740451176719185
362.3929090499878,3.773252637819642
363.3056118488312,3.7725263670583993
364.22914004325867,3.771691633011136
365.155385017395,3.7708330658588154
366.07210183143616,3.7700769687046476
366.9944369792938,3.769266944169094
367.9221189022064,3.768406216339839
368.84239292144775,3.7676254863034555
369.74587297439575,3.767019733838792
370.6717178821564,3.766189683896578
371.59433484077454,3.7653964789305707
372.5088930130005,3.7646886458387376
373.4340980052948,3.763876966532582
374.35984086990356,3.7630638925545465
375.27606105804443,3.762350297589636
376.20036697387695,3.761559329096198
377.1290898323059,3.7607281915872672
378.0493710041046,3.759985094604394
378.9530279636383,3.7594105202312793
379.8766899108887,3.7586407324306674
380.79605293273926,3.757917102813984
381.7091929912567,3.7572582120987867
382.63365387916565,3.7564913212101128
383.56109285354614,3.755698966448708
384.4772548675537,3.7550205681148507
385.39897084236145,3.7542912915349245
386.32551288604736,3.753518604472087
387.24593591690063,3.7528089134339067
388.1486978530884,3.752273311892579
389.07318091392517,3.751530744348355
389.99115085601807,3.7508543380771613
390.90481996536255,3.7502223690408782
391.8294129371643,3.749488811947871
392.75597405433655,3.7487399231674225
393.6726620197296,3.748088557711563
394.5878839492798,3.7474541417750973
395.5150730609894,3.7467092936088697
396.43383598327637,3.7460475499438632
397.33803486824036,3.7455261500286756
398.2634358406067,3.7448077472944243
399.1852939128876,3.744125905415143
400.0997488498688,3.7435164713437965
401.0233039855957,3.74282488095483
401.9509060382843,3.7420987921762174
402.86825799942017,3.741471237980157
403.7856979370117,3.740845720186032
404.7139458656311,3.7401231547937717
405.6342399120331,3.739477220485505
406.5390748977661,3.7389763834687972
407.46876096725464,3.7382497651701216
408.38790583610535,3.737622927091715
409.300430059433,3.737059352168028
410.2230749130249,3.736406101302259
411.15039896965027,3.735713266602905
412.06981086730957,3.73509526640769
412.98414397239685,3.7345259436959997
413.9116199016571,3.7338405729396933
414.82921290397644,3.7332472059012862
415.7366409301758,3.7327477234815976
416.66383504867554,3.732073362734587
417.5871379375458,3.7314367671761097
418.50277185440063,3.7308713466376093
419.42856001853943,3.7302180851271642
420.35266184806824,3.7295826630607656
421.270733833313,3.7290034028843224
422.1878080368042,3.7284354735861482
423.1169538497925,3.7277636493855506
424.0371570587158,3.7271733707552324
424.94263887405396,3.7267147495390898
425.8688118457794,3.7260770356074766
426.790030002594,3.725485339923091
427.7050268650055,3.7249503745085697
428.62816286087036,3.7243469709155974
429.55606985092163,3.7237048019252152
430.4744429588318,3.723147857475189
431.3889088630676,3.7226270008479707
432.31573486328125,3.7220019310860093
433.2336039543152,3.7214564735611186
434.13809084892273,3.7210280186222193
435.065043926239,3.7204092183384447
435.9848680496216,3.7198538730372057
436.897912979126,3.719358577200706
437.8211188316345,3.7187790400446947
438.7499339580536,3.7181544058214335
439.6700129508972,3.717606277102516
440.5835859775543,3.717115326405812
441.51108288764954,3.7165091967069634
442.42935490608215,3.7159830869472867
443.3385179042816,3.7155354959607756
444.2657618522644,3.714938538407622
445.1856908798218,3.714405098537614
446.10107803344727,3.713911670654559
447.025563955307,3.713344680587351
447.95422887802124,3.712745394023004
448.8732678890228,3.7122281926843828
449.78815603256226,3.7117473584145175
450.7158770561218,3.7111628082090458
451.6341049671173,3.7106586539163526
452.5411949157715,3.710247860004234
453.46666288375854,3.7096883579096076
454.38857102394104,3.709160193448613
455.3027648925781,3.7086970038462104
456.2262029647827,3.70816053309983
457.1521110534668,3.7076061971892895
458.0701069831848,3.707118133474568
458.9828939437866,3.706674088399392
459.91010189056396,3.706115593011224
460.82742190361023,3.705638854879573
461.73501086235046,3.7052420972037248
462.6624858379364,3.704687655615102
463.5911109447479,3.704126242844765
464.5012140274048,3.7037147547659592
465.423476934433,3.7032081221008286
466.352520942688,3.702649653334256
467.27323484420776,3.7021594026817475
468.1877179145813,3.7017203435400585
469.1153440475464,3.7011792985053638
470.03254294395447,3.7007224842459663
470.9397349357605,3.7003460755710247
471.8660559654236,3.699821120695163
472.7877299785614,3.6993345831527997
473.7030918598175,3.698899226350249
474.62691497802734,3.69839961579352
475.5557119846344,3.697863269607452
476.47356700897217,3.6974139217398103
477.3873839378357,3.6969975734210463
478.31487798690796,3.6964771144927555
479.2330138683319,3.696030842496693
480.14242005348206,3.695653468407038
481.07040190696716,3.695134834638546
481.992164850235,3.694665867760178
482.90716099739075,3.6942504565792498
483.83117604255676,3.6937677613457573
484.7569909095764,3.6932731937309162
485.6762089729309,3.692830669619976
486.5913209915161,3.6924209752424377
487.5189130306244,3.6919183069456367
488.4358649253845,3.6914979621233233
489.3422820568085,3.691158655671432
490.2680480480194,3.6906749424200207
491.1900339126587,3.6902214516883065
492.10489106178284,3.6898231108457566
493.0284399986267,3.6893612060291416
493.95850896835327,3.688852336617487
494.8745138645172,3.688450200730526
495.7897379398346,3.6880553591084886
496.7171950340271,3.6875711537920943
497.63462495803833,3.687163046893531
498.5447599887848,3.686810387980707
499.4724910259247,3.6863291434090875
500.3951048851013,3.685887375783789
501.3090069293976,3.6855112803911902
502.2310378551483,3.6850769078389574
503.1597189903259,3.6845954277107875
504.0781960487366,3.6841902993567395
504.99327087402344,3.6838114630324923
505.9202969074249,3.6833469844776476
506.8370690345764,3.682958714041211
507.74382185935974,3.6826445138271477
508.6699550151825,3.682191136970327
509.5930778980255,3.681761156840999
510.5070970058441,3.681398380204077
511.4278829097748,3.6809881958119943
512.3577840328217,3.6805140055785697
513.2764880657196,3.680121813329863
514.1887109279633,3.6797774042633136
515.1158590316772,3.6793276051775545
516.0310549736023,3.6789646314931885
516.9385938644409,3.6786574315994587
517.864963054657,3.6782175584235457
518.7899348735809,3.6777891623224006
519.7048699855804,3.6774333095108895
520.6275990009308,3.6770236608155256
521.5574879646301,3.6765649889970318
522.4776690006256,3.6761762539514398
523.391275882721,3.6758350562020037
524.3185968399048,3.6753989113005154
525.2340450286865,3.67504737796381
526.1411910057068,3.674755052544496
527.0688579082489,3.6743206716590397
527.9886150360107,3.673942855505887
528.902410030365,3.673607764215804
529.8286628723145,3.6731874592239886
530.7560799121857,3.672760565121592
531.6758420467377,3.6723880334370382
532.5890929698944,3.6720616809750357
533.5146510601044,3.6716517458474023
534.599937915802,3.670146329700882
535.695464849472,3.6685768854739575
536.7998490333557,3.6669533412586452
537.8832650184631,3.6654793488180446
538.9714019298553,3.663979188745544
540.0716099739075,3.662403213706348
541.1770038604736,3.6607985665828067
542.256413936615,3.659375802665839
543.3475120067596,3.6578800051177454
544.4507389068604,3.6563087488812225
545.5496220588684,3.6547729470974675
546.6261658668518,3.653392619493525
547.7175159454346,3.6519189943147046
548.8241000175476,3.6503499025205803
549.9097249507904,3.648926194530497
550.9959869384766,3.6475038795961447
552.0937049388885,3.6460115049180155
553.1983258724213,3.6444795757841066
554.2800438404083,3.643104279939419
555.3679900169373,3.641693501165452
556.469605922699,3.6401988148862006
557.5757579803467,3.638680432142303
558.655837059021,3.637337811947574
559.7479078769684,3.6359224775295336
560.8524889945984,3.634431584058873
561.9531910419464,3.632971629211035
563.0315229892731,3.631661668149541
564.1208078861237,3.630286228359447
565.2260429859161,3.628813685166852
566.3116669654846,3.6274725029198516
567.3970789909363,3.6261378075104016
568.4951660633087,3.6247273908579256
569.5978350639343,3.6232932657975203
570.6802070140839,3.6219934993277034
571.7693529129028,3.620655758223804
572.8724160194397,3.619235177016523
573.9799199104309,3.61779206548557
575.0611438751221,3.6165197773327966
576.153825044632,3.6151803727739678
577.2580740451813,3.6137736201446793
578.3619599342346,3.6123745071988638
579.4399499893188,3.611142103747888
580.5301659107208,3.6098382531292668
581.6355969905853,3.6084448937776625
582.7242619991302,3.6071606024928777
583.8083889484406,3.605909130205936
584.906152009964,3.604578260555009
586.0110650062561,3.603208413782183
587.0960848331451,3.6019657678368016
588.1839690208435,3.6007101715567984
589.2843449115753,3.5993829096516627
590.3873128890991,3.598044798091767
591.4702389240265,3.596833551372082
592.5613880157471,3.5955768348905313
593.6677398681641,3.594232693987801
594.7762789726257,3.592880340976666
595.8566210269928,3.5917029776581932
596.9479999542236,3.5904634912326676
598.0542159080505,3.589139484186864
599.1538150310516,3.587859988655152
600.2318019866943,3.5867143208245467
601.3217458724976,3.5855014637324625
602.4288828372955,3.5841907012004333
603.5138900279999,3.5830161256100928
604.6016509532928,3.581829451814211
605.6997890472412,3.5805856947902104
606.8022170066833,3.5793211348403466
607.8850359916687,3.5781765814511854
608.9740719795227,3.5769995804899346
610.0789749622345,3.5757337812453533
611.1836109161377,3.574474120347058
612.2643449306488,3.573358498032115
613.3557109832764,3.572184885158328
614.4595909118652,3.5709427152789357
615.5614778995514,3.5697165577969665
616.6394639015198,3.5686330973319604
617.7305738925934,3.5674776239635673
618.8384759426117,3.566229453717192
619.9246280193329,3.565110821716017
621.0140268802643,3.5639774694279733
622.110995054245,3.5628047368086393
623.2154848575592,3.56159314704338
624.2984118461609,3.560508817292563
625.387932062149,3.5593907171505625
626.4921538829803,3.558193005584518
627.5980620384216,3.5569899510992027
628.6791470050812,3.555931528267999
629.7702209949493,3.5548203541017447
630.8753318786621,3.5536339538335135
631.9848730564117,3.5524267996199357
633.0657849311829,3.5513844745919982
634.1538920402527,3.550305419961202
635.2615900039673,3.549120607128033
636.3647439479828,3.547965253374494
637.4442420005798,3.546945522488449
638.5333528518677,3.5458758573653686
639.6423740386963,3.5446994946317196
640.7334370613098,3.5436265202790422
641.8149800300598,3.5426097407285657
642.9130539894104,3.5415053184431113
644.0188159942627,3.5403623983873045
645.1036279201508,3.539338334464635
646.1916859149933,3.538299934581299
647.29443192482,3.5371847602513067
648.3988909721375,3.536064037004227
649.4798200130463,3.535075192873399
650.5695679187775,3.534041728012466
651.6767499446869,3.5329172019646498
652.784441947937,3.5317937313583765
653.8634419441223,3.5308289956319268
654.9539840221405,3.5298052327319662
656.0598669052124,3.52870235900968
657.1601729393005,3.527633133382423
658.2373700141907,3.5266912906357075
659.3272838592529,3.525684522553794
660.4346139431,3.52458812856915
661.5202000141144,3.5236112214717954
662.6096019744873,3.5226172289756095
663.7078549861908,3.5215795359972497
664.8104808330536,3.5205221149149395
665.8957149982452,3.519560116115443
666.9852168560028,3.5185787341170793
668.0890300273895,3.5175252015493457
669.1953308582306,3.516462072414738
670.2771589756012,3.5155308046022413
671.3680839538574,3.5145549161407126
672.4746239185333,3.513500607996523
673.5815558433533,3.5124477199168047
674.6602759361267,3.5115451205612316
675.7522358894348,3.510576619665299
676.8575909137726,3.5095417882409756
677.9491758346558,3.508581593998609
679.0323419570923,3.507667975188295
680.1233789920807,3.5067166835736296
681.2300369739532,3.505688050116486
682.316025018692,3.504768922779571
683.4053919315338,3.503835392975498
684.5050580501556,3.502852129142794
685.6091060638428,3.5018496381762354
686.6919679641724,3.5009583804035858
687.7826330661774,3.5000302192398878
688.8880050182343,3.4990302958406105
689.9949119091034,3.4980257945988424
691.0749008655548,3.497160723060577
692.1668689250946,3.4962378418344766
693.2722320556641,3.495250333068929
694.3783800601959,3.494262018626875
695.4578478336334,3.4934108624527114
696.5493018627167,3.492502244269656
697.6599090099335,3.491500613037687
698.7545809745789,3.490581767060693
699.834331035614,3.489740202350428
700.9275999069214,3.488833939945774
702.0372698307037,3.487849014897001
703.122232913971,3.486989722738553
704.2140009403229,3.4860993912673433
705.312206029892,3.485180008207346
706.4143390655518,3.484244109846136
707.4985370635986,3.4833994289637102
708.5891418457031,3.4825258450507595
709.691792011261,3.4815958530358677
710.800281047821,3.480640154436788
711.8807148933411,3.479824566354708
712.9719479084015,3.4789587546558947
714.0777499675751,3.4780246270280437
715.18381690979,3.477092100244864
716.2634389400482,3.4762907955831177
717.354917049408,3.475434461723061
718.4634399414062,3.47449829904161
719.5571439266205,3.4736365570083114
720.637307882309,3.4728426805356607
721.7296938896179,3.4719923833191286
722.836259841919,3.4710765624136117
723.9221549034119,3.4702626283556497
725.0124418735504,3.469430115571324
726.1113209724426,3.468559058722601
727.2147569656372,3.4676689050180514
728.297003030777,3.466882315171768
729.3887419700623,3.4660529489002805
730.4930548667908,3.465166414842358
731.5984170436859,3.4642775885731036
732.6789510250092,3.4635088075750935
733.770781993866,3.4626889791057947
734.8753428459167,3.4618116184820846
735.9805538654327,3.460933833947097
737.0581889152527,3.4601881348790515
738.1481909751892,3.4593866532768214
739.2580890655518,3.4584944525014047
740.3520948886871,3.457679147088635
741.4377720355988,3.456905079118276
742.5320420265198,3.456093279148141
743.6404910087585,3.4552179864688637
744.7273280620575,3.4544455441087636
745.8189840316772,3.4536530380012396
746.9184310436249,3.4528268319695146
748.0246639251709,3.451971739073978
749.1083929538727,3.451222846143169
750.2001619338989,3.450439137905808
751.3032400608063,3.4496057807367397
752.4059338569641,3.4487766287251245
753.4880709648132,3.4480439705877246
754.5799980163574,3.4472686883274783
755.686441898346,3.4464294389846195
756.7945690155029,3.4455849800721596
757.8742408752441,3.444872327346679
758.9660089015961,3.444106810241766
760.0714180469513,3.4432816941398703
761.1733989715576,3.442474478930013
762.2529230117798,3.441770993326131
763.3423190116882,3.4410249957067824
764.4508378505707,3.4401950652503124
765.5386550426483,3.4394605454029135
766.627769947052,3.4387222891522353
767.7258608341217,3.4379459318100016
768.8311350345612,3.4371396781182755
769.9155440330505,3.4364288661334315
771.0054159164429,3.4356957101933987
772.1085748672485,3.4349055124222505
773.2135398387909,3.434109548254431
774.2946109771729,3.4334218039370743
775.3848779201508,3.4326952663037336
776.492066860199,3.4318959764463153
777.5995140075684,3.4310978234150906
778.6773219108582,3.430432510150584
779.7644908428192,3.429727861946316
780.871798992157,3.428936738983057
781.9644269943237,3.4282122145940783
783.0452239513397,3.4275414981226997
784.1374979019165,3.426822473341422
785.2452108860016,3.426038086834716
786.3296518325806,3.425357283326092
787.4212410449982,3.4246472655744586
788.5201418399811,3.4239074650649695
789.6224269866943,3.423155051858155
790.7071349620819,3.422480815390358
791.7973248958588,3.4217847355778184
792.9036090373993,3.4210211292808683
794.0081088542938,3.420267336965389
795.088947057724,3.4196174026333255
796.1818368434906,3.418917480951142
797.2869689464569,3.4181669914926442
798.3932709693909,3.4174135719946515
799.4720368385315,3.416779917409047
800.5641639232635,3.4160909559051142
801.6733210086823,3.4153313179425946
802.767138004303,3.414639028217554
803.8496708869934,3.4139965461101793
804.9408738613129,3.413319026551736
806.0475649833679,3.4125777677360247
807.135272026062,3.411918789135854
808.2257180213928,3.411250024002606
809.3242280483246,3.4105490782801406
810.4266159534454,3.4098337167134
811.5091059207916,3.409203889167496
812.5981168746948,3.4085483863201085
813.7019560337067,3.4078325355348333
814.8082499504089,3.407108359750852
815.8891949653625,3.406491980958262
816.9802799224854,3.405834961235542
818.0852868556976,3.4051217455660794
819.1892750263214,3.404414687814841
820.2693028450012,3.4038089567854843
821.3587009906769,3.403165993893486
822.4661839008331,3.4024499180350625
823.559877872467,3.4017927236055088
824.6448888778687,3.4011730841096504
825.7385809421539,3.400519322708874
826.8431849479675,3.399822422406373
827.9277968406677,3.399209460944822
829.0178639888763,3.3985757393013243
830.1185748577118,3.3979001138282934
831.221617937088,3.397216745888009
832.3044109344482,3.3966178273956715
833.3951258659363,3.395988183947309
834.5007929801941,3.395299350023801
835.6090400218964,3.3946018582155
836.6907649040222,3.394013797111469
837.7821159362793,3.393388263991337
838.8859589099884,3.3927138364529275
839.9925110340118,3.3920302414275105
841.0722789764404,3.3914564435191674
842.1637618541718,3.390836948045361
843.2740950584412,3.390143272220257
844.3693518638611,3.3895119401034868
845.4526269435883,3.388930270827789
846.5450170040131,3.388313606937695
847.653146982193,3.3876356269344727
848.739953994751,3.3870445081200673
849.8315589427948,3.3864357821450612
850.9280869960785,3.385809029022305
852.0313918590546,3.385156964354105
853.115072965622,3.3845844382547385
854.2042229175568,3.383991699463873
855.3087899684906,3.3833394838682844
856.4144308567047,3.3826847092032746
857.494866847992,3.382131033227644
858.5871980190277,3.381531901126316
859.6897349357605,3.3808941550490736
860.7922060489655,3.3802583010776983
861.8698830604553,3.3797212981343705
862.9606740474701,3.3791342846749375
864.0691709518433,3.378479522402375
865.1586489677429,3.377900693112023
866.2467079162598,3.3773288524668406
867.3403599262238,3.3767366714597746
868.4463758468628,3.376097916398014
869.5318269729614,3.3755406173203473
870.6224720478058,3.3749645734375866
871.7250869274139,3.374343636671007
872.8279490470886,3.3737233130708737
873.9113490581512,3.3731796745482536
875.0019888877869,3.372609476866516
876.1064310073853,3.3719875753030477
877.2151348590851,3.3713508607840805
878.2960419654846,3.370822431779039
879.3884010314941,3.3702514116897673
880.493077993393,3.3696346673860655
881.5982768535614,3.369017474263228
882.6772089004517,3.36850206396949
883.7669599056244,3.367946681688408
884.875002861023,3.3673230573425754
885.9644689559937,3.36677158567649
887.0504169464111,3.36623481930046
888.1453468799591,3.3656653277540816
889.2491450309753,3.3650636795335527
890.3346679210663,3.364532583005714
891.4249029159546,3.363984997716322
892.5269589424133,3.3633942033046043
893.6313879489899,3.3627959363615556
894.7149698734283,3.3622774864553446
895.8074028491974,3.3617270748397208
896.9121868610382,3.3611317185358622
898.0192098617554,3.3605294484341544
899.1013970375061,3.3600214724991453
900.1934509277344,3.3594778954271405
901.2978398799896,3.358889665599444
902.4043338298798,3.3582950418003135
903.4822130203247,3.3578082183359523
904.5733890533447,3.357273203867052
905.683632850647,3.356668807662254
906.7769889831543,3.356128394273287
907.8570899963379,3.35563827563685
908.948912858963,3.3551060536591386
910.0565729141235,3.3545167310033523
911.1418619155884,3.3540111894047926
912.2335510253906,3.3534833229509804
913.3353819847107,3.3529194865367256
914.4406020641327,3.35234458430686
915.5244920253754,3.3518491604864082
916.6129238605499,3.3513383021722967
917.7191710472107,3.3507636072275186
918.8243958950043,3.3501940237465746
919.9059410095215,3.3497120331872123
920.9968478679657,3.349197130414293
922.1023230552673,3.348630540013215
923.2085769176483,3.348062482608108
924.2863819599152,3.347598818278584
925.3782050609589,3.3470855300681794
926.48734998703,3.346510883330899
927.581377029419,3.34599214350286
928.6607420444489,3.345527445426669
929.7542588710785,3.345012911020442
930.862860918045,3.3444453857893186
931.948991060257,3.3439598410365177
933.0400438308716,3.3434577868615825
934.1384019851685,3.342930762040956
935.243626832962,3.3423804346953374
936.3270239830017,3.341909311438187
937.4161279201508,3.3414189352061263
938.5216438770294,3.340871273940304
939.627289056778,3.3403244419930243
940.7080919742584,3.3398670924646128
941.7993030548096,3.339373887620057
942.9073610305786,3.3388221686583095
944.0153439044952,3.3382720104587844
945.0949740409851,3.3378232734768507
946.1857838630676,3.3373361276975064
947.2936358451843,3.3367900726787814
948.391340970993,3.3362809879310946
949.4694349765778,3.335841980082416
950.5594630241394,3.335362092880965
951.6679430007935,3.3348186448236325
952.7531549930573,3.3343578904476567
953.8444969654083,3.3338767588605425
954.9437420368195,3.333369139851661
956.0475430488586,3.3328468057546816
957.1320989131927,3.3323926797791743
958.2213509082794,3.3319232523609315
959.3235919475555,3.3314097837538785
960.4280300140381,3.330889874125436
961.5085308551788,3.330454070076597
962.599338054657,3.3299835905538435
963.7048149108887,3.329463493753212
964.8096568584442,3.3289467794695087
965.8895039558411,3.3285173788853837
966.9813270568848,3.3280477191786395
968.0931918621063,3.3275102305014896
969.1860580444336,3.3270391925635474
970.2709889411926,3.326596421812245
971.3639709949493,3.3261270712878837
972.4713978767395,3.3256093773669173
973.5547678470612,3.325175025498461
974.6446409225464,3.3247194556292765
975.7426929473877,3.3242370385600166
976.8468458652496,3.3237349475435316
977.9288098812103,3.3233093934463125
979.0176179409027,3.322861550583835
980.1202299594879,3.3223679100416037
981.2294399738312,3.3218530419214987
982.3109829425812,3.3214328829210626
983.4014928340912,3.3209833662017636
984.5086419582367,3.3204787247958705
985.6148638725281,3.3199783403664296
987.7645180225372,3.3159725220310725
988.9018168449402,3.315374634926049
990.0337820053101,3.314795979338004
991.1513059139252,3.31426693422051
992.2620859146118,3.313761602580224
993.3814430236816,3.3132287935456604
994.5177199840546,3.3126408245926697
995.6866998672485,3.311945414596444
997.0815188884735,3.31050163649579
998.50417304039,3.3089696460050257
999.9086258411407,3.3075022202332987
1001.3296918869019,3.305984059817434
1002.741171836853,3.3045017927508806
1004.1587529182434,3.303003624039557
1005.5782809257507,3.3015032871867827
1006.9814329147339,3.3000608465850263
1008.3971960544586,3.298581167237164
1009.7964708805084,3.2971594732320897
1011.2155990600586,3.295677008046299
1012.616828918457,3.294256923976743
1014.0414500236511,3.2927648075156317
1015.4448790550232,3.291345565807811
1016.8675940036774,3.2898678448670298
1018.2681329250336,3.288465868396693
1019.6940748691559,3.28698585448786
1021.1014039516449,3.2855698631072237
1022.524612903595,3.2841067663538035
1023.9430260658264,3.2826631115547187
1025.36572098732,3.2812097490058436
1026.7868518829346,3.2797654097580393
1028.1917419433594,3.2783768459654574
1029.6086149215698,3.2769539328854704
1031.008940935135,3.2755875006640425
1032.429836988449,3.2741595398485366
1033.8361740112305,3.2727815925342583
1035.2631769180298,3.2713420852871233
1036.6635239124298,3.269990620685091
1038.0896220207214,3.268561719550907
1039.498687028885,3.2671902739071257
1040.925556898117,3.2657666799247638
1042.3435850143433,3.2643746734942285
1043.7660539150238,3.262972566721618
1045.1869359016418,3.2615792284652154
1046.593915939331,3.2602329786501403
1048.0145499706268,3.2588478853616323
1049.415067911148,3.257528984031548
1050.8380138874054,3.256144100975228
1052.242390871048,3.2548204004258894
1053.6682379245758,3.2534339335807023
1055.0672769546509,3.2521338448709005
1056.495971918106,3.250745948197724
1057.9073688983917,3.2494149308928457
1059.3342599868774,3.2480399529820008
1060.7551338672638,3.2466870911519465
1062.1764130592346,3.2453366103957757
1063.5957748889923,3.2439955869137487
1065.0023348331451,3.2426971162847824
1066.4251549243927,3.2413526481800496
1067.8274388313293,3.240074073940804
1069.2552168369293,3.238721631159589
1070.6578810214996,3.2374487326361874
1072.0837018489838,3.2361092646185052
1073.4871430397034,3.2348407920071063
1074.9164838790894,3.233497720173546
1076.331491947174,3.2322012558662028
1077.755733013153,3.2308805171138943
1079.1789510250092,3.229566326038573
1080.5930578708649,3.2282828161726767
1082.0079329013824,3.2270003701703343
1083.4098088741302,3.225759976856574
1084.8371078968048,3.224447223032075
1086.2460968494415,3.223192249118184
1087.6705980300903,3.221894575753763
1089.0728888511658,3.2206659773709094
1090.5028529167175,3.219358840382709
1091.9211258888245,3.2180895823768254
1093.3464159965515,3.2168029716311732
1094.7665419578552,3.215534878974698
1096.1848168373108,3.2142754997882146
1097.6051979064941,3.2130132097829547
1099.0094618797302,3.2118012832780165
1100.429326057434,3.2105469350383387
1101.8331859111786,3.2093424351488524
1103.262414932251,3.208067230512283
1104.6657860279083,3.2068703899466127
1106.0916290283203,3.2056114583516266
1107.494449853897,3.204422379243684
1108.9238228797913,3.203159609986166
1110.3439469337463,3.2019267631601176
1111.769651889801,3.2006809989383584
1113.1953530311584,3.1994384366607314
1114.6043219566345,3.1982470638030533
1116.0267798900604,3.1970200574859673
1117.4294848442078,3.195852667605141
1118.8621170520782,3.194602753570242
1120.266119003296,3.193437647817924
1121.6922328472137,3.1922125295555346
1123.0972900390625,3.1910503495875675
1124.5274579524994,3.1898198435555836
1125.945652961731,3.1886263698040365
1127.3713788986206,3.1874146064543103
1128.796098947525,3.1862087434155777
1130.2033779621124,3.1850550707880414
1131.6230108737946,3.183869508996598
1133.0265140533447,3.18273222671488
1134.4551420211792,3.181527295622781
1135.8618948459625,3.180386644179043
1137.2879300117493,3.1791949114967277
1138.6912848949432,3.1780694627287653
1140.1221208572388,3.176870208672615
1141.5406739711761,3.175708130827002
1142.9646010398865,3.174534011551053
1144.3899729251862,3.173358807677539
1145.8036179542542,3.17221899376575
1147.2232558727264,3.1710654237326517
1148.6238069534302,3.169967380057642
1150.0534420013428,3.168791872539559
1151.4594140052795,3.167684380044746
1152.8856880664825,3.1665238260720616
1154.2873940467834,3.1654335123510062
1155.7176790237427,3.1642675943913385
1157.132241010666,3.163147538610725
1158.5568149089813,3.1620028926141193
1159.9797048568726,3.160865646741989
1161.400614976883,3.1597365738204326
1162.823758840561,3.158604192661327
1164.2266309261322,3.1575295585497045
1165.6535320281982,3.1563924433002066
1167.0580599308014,3.1553185967614525
1168.4873368740082,3.154180523564716
1169.8893978595734,3.153118582619023
1171.321871995926,3.151977341385154
1172.7390060424805,3.1508801028710294
1174.1623039245605,3.1497689779671347
1175.5827679634094,3.1486681336887474
1177.002212047577,3.147572674103223
1178.422073841095,3.14647873822838
1179.8249080181122,3.1454328305662704
1181.253566980362,3.1443206639322243
1182.6585998535156,3.1432739764970554
1184.0874090194702,3.1421666776112316
1185.4887700080872,3.141134774287737
1186.9230298995972,3.140018270869061
1188.3415648937225,3.1389459985215606
1189.766478061676,3.137859461364375
1191.1890149116516,3.136781781249997
1192.6076679229736,3.135716883753537
1194.0268468856812,3.1346531359510967
1195.4293630123138,3.133635592286696
1196.861534833908,3.132542813751876
1198.2667920589447,3.131522983752531
1199.6940338611603,3.1304481759510274
1201.0960228443146,3.12944171699019
1202.5298738479614,3.128354714350847
1203.947231054306,3.127313143702199
1205.3709230422974,3.1262575925500133
1206.7947628498077,3.125204149124553
1208.2117049694061,3.1241710243947525
1209.6330769062042,3.123128882737171
1211.0368678569794,3.1221345116361308
1212.467584848404,3.121073129945278
1213.8706078529358,3.120085432086558
1215.2985780239105,3.119035987159217
1216.7042078971863,3.1180462559233444
1218.1339809894562,3.116997029272484
1219.5546798706055,3.1159734472940483
1220.9793820381165,3.114942034198305
1222.4040729999542,3.113913053854936
1223.8112330436707,3.1129310608836818
1225.2342219352722,3.11191112012657
1226.6373150348663,3.1109440037632745
1228.0645909309387,3.1099178562789254
1229.4670560359955,3.1089568290865137
1230.8945779800415,3.1079347236039494
1232.29767203331,3.1069765746473847
1233.7317008972168,3.105942724186544
1235.151277065277,3.104947605375239
1236.5755479335785,3.1039429870775423
1238.0009779930115,3.102937774918046
1239.414722919464,3.101964119761243
1240.8359858989716,3.100973894799088
1242.2389209270477,3.100031672752712
1243.6738450527191,3.0990118633849884
1245.0775439739227,3.0980720989381116
1246.503877878189,3.097078210916932
1247.9065568447113,3.0961452833209178
1249.3364069461823,3.0951471345112043
1250.756238937378,3.0941760508729823
1252.1815090179443,3.093193735976575
1253.6067168712616,3.092213808230645
1255.0181739330292,3.0912699756705075
1256.4411089420319,3.090300032660853
1257.8445329666138,3.089380204113939
1259.2782640457153,3.088388095817092
1260.6816849708557,3.0874724733468164
1262.111361026764,3.0864946789092356
1263.5247738361359,3.085558811928457
1264.9538178443909,3.084586919267269
1266.3757870197296,3.0836344472362858
1267.8006348609924,3.082677112264197
1269.2243230342865,3.081724742438881
1270.6288769245148,3.0808208998641833
1272.0503289699554,3.079878139076786
1273.4581379890442,3.0789704687047457
1274.8876540660858,3.0780123938643045
1276.2895948886871,3.0771229474314747
1277.7180478572845,3.0761716222067617
1279.1323578357697,3.0752564235460067
1280.560427904129,3.074310211540238
1281.981997013092,3.0733816927070023
1283.4048700332642,3.072452109284732
1284.8263318538666,3.071527958417381
1286.2311408519745,3.07064560525559
1287.6559689044952,3.0697174520636055
1289.0649678707123,3.068829033911627
1290.4970979690552,3.0678875653658655
1291.8985199928284,3.0670210846142894
1293.3277628421783,3.066090525487231
1294.7446999549866,3.0651911532350544
1296.1660239696503,3.0642833761649353
1297.5867018699646,3.0633791131425663
1299.0103788375854,3.0624697576010584
1300.4290170669556,3.0615742556865833
1301.8349568843842,3.0607105600666906
1303.2606890201569,3.0598022587469638
1304.6663038730621,3.0589431091709223
1306.09463596344,3.058032618787818
1307.4932210445404,3.0571936708066736
1308.9246909618378,3.0562797291724664
1310.3432660102844,3.055397851732523
1311.7687540054321,3.0545017845297813
1313.190211057663,3.053617036004481
1314.6135079860687,3.052729928317858
1316.0341770648956,3.051850833355635
1317.4384689331055,3.051011561287646
1318.8674919605255,3.0501168802183214
1320.2740008831024,3.049276133065695
1321.7042379379272,3.048382447714616
1323.1091170310974,3.0475491008994604
1324.5422978401184,3.0466524221841826
1325.9616768360138,3.0457893848311177
1327.385997056961,3.0449168583677313
1328.81214594841,3.044042013262153
1330.2260630130768,3.0431970268501685
1331.6464729309082,3.04233900089352
1333.0505020618439,3.0415201777643537
1334.4802899360657,3.040644384634861
1335.8843150138855,3.0398290887619193
1337.3126368522644,3.0389602909652025
1338.7207169532776,3.0381392836411516
1340.1523048877716,3.0372667234571282
1341.5724580287933,3.0364219059665367
1342.9972970485687,3.0355682836884865
1344.4213700294495,3.034718199927623
1345.8321669101715,3.033899843079416
1347.2593429088593,3.0330463258672196
1348.665992975235,3.032240763317811
1350.0982449054718,3.0313793943836664
1351.4988009929657,3.0305909239362454
1352.929610967636,3.029736334226817
1354.3452429771423,3.0289174944657993
1355.7693228721619,3.0280814964177383
1357.1906559467316,3.0272533796174743
1358.6139979362488,3.0264225204846875
1360.0387279987335,3.0255903124575076
1361.443438053131,3.0248043252453423
1362.8682248592377,3.023975410700959
1364.275563955307,3.023186890515262
1365.7051310539246,3.0223508033646107
1367.1088349819183,3.0215736262538564
1368.5403819084167,3.0207365852333674
1369.960254907608,3.01992702721074
1371.3864550590515,3.0191052162767043
1372.8098230361938,3.0182913397544624
1374.2299330234528,3.017486302948425
1375.6504349708557,3.016682068717493
1377.0540330410004,3.01591651478526
1378.4844069480896,3.0150939532220007
1379.8898448944092,3.0143275678054473
1381.318768978119,3.013511503271218
1382.7235388755798,3.012749752844734
1384.1532678604126,3.011935236366056
1385.5744059085846,3.011141070597449
1386.9999408721924,3.010338989181503
1388.4248778820038,3.009539850923871
1389.8361139297485,3.008772011382178
1391.2629489898682,3.007972003450856
1392.6704199314117,3.0072154474324657
1394.1041479110718,3.0064037943507746
1395.5040538311005,3.005666653912605
1396.9343888759613,3.0048655351505698
1398.3527450561523,3.004091789322667
1399.7800860404968,3.0033003340485984
1401.2019338607788,3.0025222620182417
1402.6253628730774,3.00174238356546
1404.0481350421906,3.000965490313042
1405.4519028663635,3.000230738170582
1406.8861219882965,2.9994325297887214
1408.2932770252228,2.9986935739127047
1409.7209799289703,2.997912395552871
1411.1270668506622,2.9971787086751354
1412.5574939250946,2.9963948499107573
1413.9772410392761,2.9956352033549765
1415.403207063675,2.9948639220578666
1416.8283908367157,2.994095846353554
1418.2407069206238,2.9933564727652406
1419.6666889190674,2.9925897629075084
1421.072082042694,2.991867938105243
1422.504933834076,2.9910898013773033
1423.9059019088745,2.99038018895191
1425.338327884674,2.9896059880210974
1426.7545158863068,2.9888673577114604
1428.1812250614166,2.9881081792098763
1429.6010649204254,2.987364870379219
1431.0248868465424,2.9866147257705373
1432.4462718963623,2.985871151968378
1433.8532350063324,2.985159077303401
1435.2824020385742,2.984402229077758
1436.68829703331,2.983695216875991
1438.1199328899384,2.982936194604784
1439.5242960453033,2.9822351812983183
1440.958263874054,2.981474278408042
1442.379497051239,2.980741204925259
1443.8068108558655,2.979997024289921
1445.2340848445892,2.9792543956386197
1446.6440260410309,2.9785489190398713
1448.0673639774323,2.9778172668403586
1449.4743478298187,2.977120641328279
1450.906779050827,2.9763731635640256
1452.310243844986,2.9756865093497704
1453.74023604393,2.9749468940676076
1455.156424999237,2.974236945009035
1456.5800409317017,2.973513214714636
1458.0022258758545,2.9727938154526927
1459.426619052887,2.972071321280194
1460.852313041687,2.9713475902037563
1462.2555148601532,2.970670964038346
1463.6855130195618,2.969941262199199
1465.092486858368,2.9692596467601318
1466.5215530395508,2.9685346191994166
1467.9278829097748,2.9678569708507783
1469.3619139194489,2.9671246809239165
1470.7831740379333,2.966419576328029
1472.2081019878387,2.965708444413972
1473.6321120262146,2.965000534626158
1475.0460789203644,2.964314174646245
1476.4709949493408,2.9636071517613076
1477.878231048584,2.962936937566982
1479.3109669685364,2.9622169360238386
1480.7132549285889,2.9615592251934615
1482.1449220180511,2.960844067815491
1483.5686440467834,2.9601461433027656
1484.9939789772034,2.9594463426894912
1486.4175758361816,2.9587513438314574
1487.840136051178,2.9580597359611844
1489.2625699043274,2.957369700282563
1490.6656210422516,2.9567194263984935
1492.0985479354858,2.9560111871315247
1493.5046968460083,2.9553572943701965
1494.933490037918,2.9546598757968594
1496.3386089801788,2.954010525072639
1497.768898010254,2.953312761318747
1499.1884269714355,2.9526375206499242
1500.6130149364471,2.951953605565393
1502.0404560565948,2.951265381784746
1503.4533338546753,2.950607045864449
1504.8807978630066,2.9499213534413906
1506.288598060608,2.949275461368958
1507.7228019237518,2.948579138239247
1509.1261949539185,2.9479443235930614
1510.559345960617,2.9472526265883445
1511.9797480106354,2.946587086144399
1513.4032719135284,2.9459167181282124
1514.8252868652344,2.9452505438648107
1516.246850013733,2.9445864965586317
1517.6685500144958,2.943923427784891
1519.075600862503,2.943289983369757
1520.5093948841095,2.9426059549872234
1521.91303896904,2.9419814965466524
1523.344377040863,2.941304715814636
1524.7565109729767,2.940666242598171
1526.1848549842834,2.9399977239626107
1527.6046299934387,2.939346943468799
1529.0267660617828,2.9386928337253444
1530.4517538547516,2.938034465101305
1531.8604910373688,2.937408482252078
1533.2865200042725,2.9367505298275582
1534.6960730552673,2.9361253209108384
1536.1287388801575,2.9354570914982356
1537.5357990264893,2.9348389825180634
1538.973049879074,2.9341644419015758
1540.3970260620117,2.9335164399480527
1541.824105978012,2.932863730997138
1543.2527508735657,2.9322092557026207
1544.663125038147,2.9315906663390883
1546.0905718803406,2.9309408403472976
1547.4978940486908,2.930330320602892
1548.9300608634949,2.929673917923861
1550.3338768482208,2.9290722906937883
1551.7687530517578,2.9284131356964056
1553.1897130012512,2.9277814306489267
1554.614858865738,2.927142998826184
1556.0391969680786,2.9265072556481484
1557.4581990242004,2.9258826996802063
1558.8878920078278,2.9252392191760648
1560.3001449108124,2.9246296072483156
1561.732920885086,2.9239826726659666
1563.1373629570007,2.923389913318644
1564.5749790668488,2.92273624542261
1565.9960570335388,2.922114637164757
1567.4219348430634,2.921485209697852
1568.8488850593567,2.920854929776508
1570.2668359279633,2.920242531448563
1571.6934900283813,2.9196150706949466
1573.1022038459778,2.9190220373307634
1574.5334248542786,2.918388347599081
1575.9400579929352,2.9178013317690623
1577.3783838748932,2.9171567501111113
1578.8019189834595,2.916540665826389
1580.2283029556274,2.915920434649617
1581.6590988636017,2.915293190114693
1583.071042060852,2.914701790005097
1584.5040709972382,2.914072664448237
1585.9114708900452,2.9134917584061997
1587.3468079566956,2.912860615476879
1588.760990858078,2.912269388928693
1590.1928360462189,2.911646873917514
1591.6157109737396,2.911041885333868
1593.039885044098,2.9104356039846775
1594.4646089076996,2.909829402346163
1595.8718919754028,2.9092560770984237
1597.3106229305267,2.9086264958760446
1598.7174110412598,2.9080561504437226
1600.1469240188599,2.9074455165125612
1601.5551228523254,2.906874657994067
1602.988687992096,2.9062588119916732
1604.41081905365,2.9056647740319876
1605.8360450267792,2.905066189320844
1607.2647800445557,2.904462325038063
1608.6724848747253,2.9038974955575156
1610.1052460670471,2.9032884722402446
1611.5130498409271,2.9027254855067692
1612.9464709758759,2.9021173884139464
1614.3582019805908,2.9015493551884695
1615.7931759357452,2.900940584357561
1617.2169609069824,2.9003529602913827
1618.6420738697052,2.899763990922816
1620.0674488544464,2.8991755888442547
1621.4739220142365,2.898622010621972
1622.9093039035797,2.898017768884162
1624.317636013031,2.89746284572277
1625.7488470077515,2.89686811629493
1627.1557369232178,2.8963177236564572
1628.593288898468,2.8957137623904377
1630.0122129917145,2.895143951920799
1631.4361279010773,2.8945662776730776
1632.8646190166473,2.893981500343736
1634.278568983078,2.8934234895721516
1635.7127640247345,2.892830638771275
1637.1174640655518,2.892290934482637
1638.5490708351135,2.8917046699035374
1639.9613349437714,2.8911535284230134
1641.3963079452515,2.890563343559229
1642.820907831192,2.8899924376223325
1644.2461659908295,2.889421364189149
1645.6734879016876,2.8888476571751207
1647.0797369480133,2.8883118972825743
1648.515918970108,2.887724616559386
1649.923625946045,2.887188185615919
1651.3537850379944,2.886613421781284
1652.765648841858,2.8860715996502475
1654.1974079608917,2.885495997653532
1655.61874294281,2.8849395552928874
1657.0413799285889,2.8843818011388325
1658.4697709083557,2.8838149985576584
1659.8809809684753,2.88327901510602
1661.3142759799957,2.8827056200278305
1662.72016787529,2.882180713621702
1664.154011964798,2.8816082919742634
1665.5670549869537,2.8810728368048726
1666.999179840088,2.8805053164217083
1668.4219689369202,2.879954885191078
1669.847494840622,2.8794006727296453
1671.2733719348907,2.878846800765901
1672.6819820404053,2.878323585531216
1674.1169798374176,2.8777558904323834
1675.5224509239197,2.877239870669391
1676.955734014511,2.8766770059288014
1678.3666520118713,2.8761534282235344
1679.8004648685455,2.8755915366281366
1681.2211198806763,2.875053104461989
1682.6455628871918,2.8745091103445106
1684.0715489387512,2.87396340318794
1685.484799861908,2.873440330281708
1686.9227528572083,2.8728760648889193
1688.3278238773346,2.8723687019875475
1689.7617740631104,2.871813100808587
1691.1794419288635,2.871286085680938
1692.6073949337006,2.870742509186738
1694.0291249752045,2.870210392676199
1695.4527878761292,2.8696758970769225
1696.8781399726868,2.869139442198463
1698.2883150577545,2.868629523506039
1699.726397037506,2.8680733608048037
1701.1317648887634,2.867573283083676
1702.5652439594269,2.8670266924092833
1703.9803378582,2.8665119493922657
1705.411118030548,2.865971699331005
1706.8342440128326,2.8654452048615147
1708.2583858966827,2.8649178838546003
1709.6828050613403,2.8643909767954283
1711.0935468673706,2.8638878388452222
1712.5336699485779,2.863336403860158
1713.938581943512,2.8628447084935957
1715.3735618591309,2.8623036457893187
1716.7967669963837,2.861783115188234
1718.2237288951874,2.861257190971954
1719.6482019424438,2.860736279922359
1721.0714700222015,2.860218233666089
1722.4929540157318,2.8597040054742724
1723.9002709388733,2.859214122238962
1725.3408529758453,2.8586699210727207
1726.7468440532684,2.858183883177116
1728.1840410232544,2.8576470345576737
1729.6041059494019,2.857139378313066
1731.0303978919983,2.8566222788587448
1732.4573118686676,2.8561050053596353
1733.8776488304138,2.855599415183574
1735.3088738918304,2.855076738522362
1736.719848871231,2.854588207316321
1738.1509540081024,2.854067414893169
1739.558207988739,2.853586604462812
1740.9978539943695,2.853053488034951
1742.4226109981537,2.85254562735083
1743.8499779701233,2.852034327969702
1745.2804539203644,2.8515187853167134
1746.6898758411407,2.8510384521475944
1748.1211378574371,2.8505232801586193
1749.5283868312836,2.8500480686860956
1750.962483882904,2.849529927640453
1752.3728170394897,2.849051270057159
1753.8073470592499,2.8485340812243867
1755.231479883194,2.84803460813765
1756.6568808555603,2.847533889238383
1758.0865819454193,2.847027018692867
1759.4946010112762,2.84655604917534
1760.9323618412018,2.846037763063125
1762.3362019062042,2.845575092071395
1763.7722990512848,2.845061124216064
1765.1944739818573,2.844570427797299
1766.6228668689728,2.8440705111583107
1768.0467269420624,2.843578692456554
1769.4708728790283,2.8430872059593
1770.895891904831,2.8425951085048466
1772.3032479286194,2.8421321271555176
1773.7429809570312,2.8416180101135526
1775.1475019454956,2.841161083500122
1776.5840709209442,2.8406536355940175
1778.0087008476257,2.8401660788232377
1779.4368538856506,2.839673680448969
1780.8649978637695,2.839182086269957
1782.2848119735718,2.8387045471131027
1783.7213158607483,2.83820121169378
1785.1302909851074,2.8377424469137873
1786.5686829090118,2.837237688363843
1787.9757480621338,2.836783443789608
1789.4062299728394,2.8362927964529527
1791.9929218292236,2.833973247403248
1793.2515530586243,2.833757478883875
1794.5147910118103,2.833534739010427
1795.771978855133,2.833321858181447
1797.0324318408966,2.8331041275557545
1798.2899458408356,2.8328913320026397
1799.5436379909515,2.832684849860602
1800.8034439086914,2.832469038891192
1802.0628809928894,2.832254109350438
1803.330235004425,2.832027046886101
1804.5942659378052,2.8318055179812496
1805.8628568649292,2.831577149151401
1807.127202987671,2.831355751571246
1808.392925977707,2.831132508015083
1809.657269001007,2.8309117354735687
1810.9310269355774,2.8306765546307906
1812.4989199638367,2.8299823759907907
1813.961592912674,2.8294535121654505
1815.2771139144897,2.829154821946332
1816.5963039398193,2.8288508508218575
1817.9011180400848,2.828569688951925
1819.2149469852448,2.828274915246577
1820.5336220264435,2.827973039173686
1821.8456809520721,2.8276818689208865
1823.1559219360352,2.827393937061656
1824.4742410182953,2.8270939013757648
1825.7874839305878,2.8268021582057323
1827.0874619483948,2.8265313552602467
1828.402009010315,2.826238417227011
1829.7221720218658,2.825937226462274
1831.0369720458984,2.8256447461129186
1832.4641380310059,2.825179436014918
1833.825511932373,2.824816192322137
1835.0789859294891,2.8246195611980958
1836.325054883957,2.8244345880951647
1837.575928926468,2.8242424807076763
1838.8276009559631,2.824049409145432
1840.078351020813,2.8238580151314587
1841.3212819099426,2.8236788718408423
1842.5722959041595,2.8234875839415117
1843.8224160671234,2.8232979242673935
1845.07146692276,2.82311015772597
1846.3844950199127,2.8228248309373885
1847.6157610416412,2.8226648148204774
1848.8493628501892,2.8225014459562767
1850.0807509422302,2.822341672027399
1851.3204510211945,2.822169439719642
1852.55885887146,2.821999406369598
1853.8052158355713,2.8218175001963033
1855.0484268665314,2.821640623604378
1856.2903518676758,2.8214659386288443
1857.532289981842,2.821291467321534
1858.7688689231873,2.8211253629601742
1860.0382318496704,2.82090975881837
1861.127681016922,2.8209671230784643
1862.227814912796,2.821008234293828
1863.3350870609283,2.821038489803374
1864.4153318405151,2.821109604804475
1865.5071139335632,2.821163189725273
1866.6085669994354,2.821202095126564
1867.705838918686,2.821247270421692
1868.7853200435638,2.821319251307631
1869.8841650485992,2.8213619317231253
1870.9821598529816,2.821405844091426
1871.954251050949,2.8216394695728275
1872.9408030509949,2.821851065122051
1873.9014129638672,2.8221015062023276
1874.8900380134583,2.8223095182726747
1875.864907026291,2.8225380090901147
1876.845242023468,2.8227580417276386
1877.8226039409637,2.822982314130594
1878.814285993576,2.8231848350008426
1879.9269878864288,2.8232053873363694
1881.0503468513489,2.8232099203986234
1882.0123999118805,2.823456423692427
1882.9824979305267,2.82369061095552
1883.9250829219818,2.823965797911891
1884.8868749141693,2.824211930619127
1885.8371138572693,2.8244751155126213
1886.7899570465088,2.8247341364604397
1887.7581589221954,2.824969911953534
1888.706130027771,2.8252357077495907
1889.6666400432587,2.825482488211663
1890.6201899051666,2.8257394206014346
1891.5663158893585,2.8260071852076023
1892.5318019390106,2.8262457700947903
1893.4805500507355,2.826509097152646
1894.4419448375702,2.8267532898502985
1895.4030380249023,2.826997684663203
1896.3417990207672,2.827275126650987
1897.3043508529663,2.827516838607482
1898.252104997635,2.8277803490209683
1899.2044279575348,2.8280367931619486
1900.1728489398956,2.8282690193148796
1901.1174919605255,2.828536385962438
1902.0785279273987,2.8287791071712123
1903.030844926834,2.8290345447380223
1903.9789068698883,2.8292960497424904
1904.9433300495148,2.8295329918606535
1905.892420053482,2.8297924600847386
1906.853994846344,2.8300331407569836
1907.813374042511,2.83027683601912
1908.7554659843445,2.8305459218233424
1909.7186160087585,2.830783527312699
1910.6649968624115,2.8310457400343108
1911.6243879795074,2.831288423622068
1912.5887098312378,2.8315235639333323
1913.5301630496979,2.8317923096461093
1914.4916598796844,2.8320311410187795
1915.4401290416718,2.8322889960096336
1916.389396905899,2.83254541522938
1917.3545439243317,2.832778119837575
1918.302887916565,2.833035405531003
1919.2632360458374,2.833274715980716
1920.2165489196777,2.8335241684387724
1921.1577639579773,2.833791218053805
1922.121104001999,2.8340253840708756
1923.0684459209442,2.8342828938622535
1924.0273900032043,2.8345230573827314
1924.9932119846344,2.834752853166714
1925.9339179992676,2.8350193892800406
1926.8950560092926,2.8352556009535235
1927.844379901886,2.835508953413658
1928.7957048416138,2.8357591144932295
1929.7618749141693,2.8359872122789316
1930.7100429534912,2.8362415267821284
1931.6703879833221,2.836477710734212
1932.6262049674988,2.8367203062385244
1933.5794479846954,2.8369664384452116
1934.5356719493866,2.8372079561961163
1935.4834530353546,2.8374616126980046
1936.444594860077,2.8376954417314786
1937.406790971756,2.8379274944330235
1938.3456048965454,2.8381935533594507
1939.3065359592438,2.8384269830129027
1940.253527879715,2.838680574913739
1941.2029910087585,2.838930305344422
1942.1680760383606,2.8391569545555067
1943.1153328418732,2.839409430180739
1944.0760209560394,2.8396420409965195
1945.0275750160217,2.8398877583802373
1945.9741809368134,2.8401404572281215
1946.9382090568542,2.8403674930592073
1947.8849649429321,2.8406194922101613
1948.8462920188904,2.840850005807608
1949.8056378364563,2.841083179012041
1950.7435238361359,2.8413473797417534
1951.7053549289703,2.8415764633703313
1952.6532599925995,2.841825588646
1953.6047718524933,2.8420692250536868
1954.5702979564667,2.8422922449033012
1955.5175309181213,2.8425416352008877
1956.4786958694458,2.8427705406362045
1957.4311380386353,2.8430118903575754
1958.3776178359985,2.843261661738568
1959.3415310382843,2.8434858914298893
1960.2904539108276,2.8437316464397684
1961.2535419464111,2.843956622999641
1962.2110538482666,2.8441894611972556
1963.1499619483948,2.8444490274486673
1964.1125538349152,2.8446740432929443
1965.05966091156,2.8449212566944064
1966.010244846344,2.8451632002747664
1966.9776270389557,2.8453806098574175
1967.922747850418,2.8456299954441375
1968.8840079307556,2.8458558134609313
1969.8339519500732,2.846097760905127
1970.7780120372772,2.846347973103881
1971.7419888973236,2.846569191914833
1972.6902208328247,2.8468129160335693
1973.6523950099945,2.8470362938310347
1974.6108820438385,2.847264770556035
1975.5478010177612,2.8475241131102473
1976.5085158348083,2.8477489243817784
1977.4561100006104,2.847992413848448
1978.4083650112152,2.848228960034778
1979.3753399848938,2.8484440955210792
1980.3229098320007,2.8486869348386104
1981.2841320037842,2.848909910912878
1982.2345778942108,2.8491481598508415
1983.1756439208984,2.84939965722239
1984.1396269798279,2.849618002240264
1985.0877158641815,2.8498589532287766
1986.049073934555,2.8500806320894183
1987.0085978507996,2.850304727481238
1987.949019908905,2.850555996782891
1988.9112939834595,2.850775706866268
1989.8576979637146,2.851017942542065
1990.810721874237,2.8512504667726932
1991.7773950099945,2.8514632278832046
1992.723520040512,2.851705187824787
1993.6839680671692,2.8519264291984507
1994.6342508792877,2.852161992852639
1995.580111026764,2.8524036537281656
1996.545212984085,2.852617593111025
1997.493933916092,2.852854721229595
1998.4559299945831,2.8530726719680297
1999.414948940277,2.8532946615327153
2000.354043006897,2.853544861198513
2001.3144550323486,2.8537644274935716
2002.262657880783,2.8540011858625216
2003.2133269309998,2.8542342061789525
2004.1789679527283,2.8544456814871304
2005.1262500286102,2.854683090363176
2006.0871829986572,2.8549008480474565
2007.038239955902,2.8551324463682892
2007.9838418960571,2.855371582365948
2008.9484460353851,2.855583482652971
2009.8976769447327,2.8558170228472943
2010.859132051468,2.8560329803614537
2011.8177268505096,2.8562527923420484
2012.7578608989716,2.856498594138934
2013.7205128669739,2.8567122216031264
2014.6685729026794,2.856946337186965
2015.6228790283203,2.85717137859452
2016.5910868644714,2.8573765090667864
2017.5348489284515,2.8576160669849515
2018.4944858551025,2.8578329246989544
2019.445545911789,2.858061714852554
2020.3932039737701,2.8582951024789587
2021.3572280406952,2.858505127072805
2022.305696964264,2.858736940057268
2023.2676298618317,2.858949510498033
2024.2222349643707,2.8591722292299937
2025.1624138355255,2.8594151068766083
2026.1250109672546,2.8596261181505347
2027.071886062622,2.8598591100093373
2028.0299398899078,2.8600761191498343
2028.9981479644775,2.8602786088406047
2029.9424290657043,2.8605146219208617
2030.9042029380798,2.8607257750488477
2031.8531589508057,2.860954776378475
2032.8024818897247,2.861183047451394
2033.76744389534,2.8613891020174442
2034.7164919376373,2.8616173423036555
2035.6776490211487,2.8618283463500735
2036.6320378780365,2.8620486624933794
2037.5738308429718,2.8622864662465624
2038.5379688739777,2.862492673228564
2039.4861390590668,2.8627210983123565
2040.4455978870392,2.8629334720069313
2041.4107639789581,2.8631376414454164
2042.3509709835052,2.8633766101346696
2043.3108088970184,2.8635878469993923
2044.2594819068909,2.8638145263922254
2045.2137160301208,2.8640332079181756
2046.1799218654633,2.8642349274236234
2047.1279079914093,2.864461950378827
2048.0877318382263,2.864672205586664
2049.0392439365387,2.864893884961537
2049.986184835434,2.8651217473797277
2050.9492449760437,2.8653268794414477
2051.897621870041,2.86555232450696
2052.8604340553284,2.8657574097126575
2053.8202369213104,2.8659665019288254
2054.7590980529785,2.866204610350947
2055.720976829529,2.8664104060891917
2056.6667280197144,2.8666384882283595
2057.6180698871613,2.8668585712427634
2058.5866000652313,2.8670545119709696
2059.5325849056244,2.8672816556920853
2060.4932720661163,2.867488130196822
2061.4441900253296,2.8677080022852146
2062.389410018921,2.8679355951239764
2063.3538529872894,2.8681362585637196
2064.3028440475464,2.8683582048408103
2065.264536857605,2.868562304862967
2066.2240459918976,2.8687692467321346
2067.1632528305054,2.8690041736564678
2068.125016927719,2.86920759210921
2069.0731649398804,2.869429704373218
2070.0262808799744,2.8696447261890734
2070.993057012558,2.8698406206023126
2071.9390239715576,2.870065156937568
2072.8988859653473,2.8702702482418445
2073.8489060401917,2.8704887721866803
2074.798106908798,2.8707082294739212
2075.762272834778,2.8709067883104056
2076.7104399204254,2.871127281581186
2077.67356300354,2.8713269043939
2078.630553007126,2.871534814767797
2079.571753025055,2.871764338649414
2080.5368039608,2.8719607308194397
2081.482614994049,2.872183489275548
2082.440670967102,2.872389155376084
2083.4070298671722,2.872583184276554
2084.349757909775,2.8728096027438403
2085.311420917511,2.8730097288605374
2086.2607760429382,2.8732266209642
2087.2108528614044,2.873442322215755
2088.176692008972,2.8736361357558033
2089.1255078315735,2.8738531876104174
2090.086254835129,2.8740536358743953
2091.0433628559113,2.8742589019251
2091.9872188568115,2.874482188895052
2092.9506878852844,2.8746783356272605
2093.901053905487,2.8748922919600925
2094.8616559505463,2.875092005666165
2095.8237059116364,2.8752895498807147
2096.7629890441895,2.8755181350985457
2097.7233378887177,2.875717636850745
2098.670567035675,2.87593493462159
2099.623111963272,2.876144754547565
2100.5902149677277,2.8763344496931427
2101.534163951874,2.8765556628554707
2102.493339061737,2.876755843944387
2103.446521997452,2.8769640381697954
2104.3927068710327,2.87718161169766
2105.357959985733,2.8773729290391317
2106.3057219982147,2.8775879667885826
2107.2671909332275,2.8777840921607916
2108.2293429374695,2.877979106175433
2109.168769836426,2.8782049529733933
2110.1294848918915,2.8784015594716834
2111.077581882477,2.8786151926169734
2112.0301308631897,2.878822565620799
2112.998913049698,2.8790076333829706
2113.942621946335,2.879226681373244
2114.9015288352966,2.8794248417578454
2115.8539419174194,2.8796316604342445
2116.8016550540924,2.879844687122669
2117.765257835388,2.8800359140059553
2118.714061021805,2.880247085846473
2119.67778301239,2.880437795278015
2120.6348769664764,2.880637334767634
2121.574952840805,2.8808598026744416
2122.538176059723,2.881050653869575
2123.4853949546814,2.8812630473168737
2124.4428968429565,2.881461304089132
2125.409486055374,2.881647061511436
2126.3531918525696,2.8818636637976156
2127.3156299591064,2.8820546954369237
2128.264037847519,2.8822645550145274
2129.2124478816986,2.882474224733163
2130.1804649829865,2.8826571743296148
2131.129912853241,2.88286507685235
2132.091686964035,2.8830561263305037
2133.0485248565674,2.883253675822284
2133.992782831192,2.883468046146036
2134.9584469795227,2.883653313585569
2135.90541100502,2.883863661875204
2136.8660230636597,2.884055403325771
2137.8297588825226,2.8842427580496754
2138.7681469917297,2.88446412888524
2139.7296669483185,2.884654120257651
2140.6768798828125,2.884863221551713
2141.6255328655243,2.885070197931737
2142.5935389995575,2.8852509295283917
2143.5408868789673,2.885459306076318
2144.5006120204926,2.8856508435171597
2145.453402042389,2.8858515380040273
2146.3993179798126,2.8860612972195616
2147.3631670475006,2.8862467677144905
2148.3118138313293,2.886452497294166
2149.273349046707,2.8866407349962317
2150.23539185524,2.8868281228708836
2151.17529296875,2.887045058717221
2152.1370730400085,2.8872324527279245
2153.085844039917,2.887437125282006
2154.042445898056,2.887631119732529
2155.0106999874115,2.8878093273673087
2155.9570019245148,2.888016780688098
2156.9194099903107,2.8882024850562145
2157.8671538829803,2.888407652335951
2158.8161919116974,2.8886109078503113
2159.7814650535583,2.888792269474023
2160.7307798862457,2.8889948058816635
2161.692888021469,2.8891800655903217
2162.64736700058,2.8893753532580995
2163.5930540561676,2.889582210609971
2164.556473016739,2.88976521424841
2165.5049710273743,2.8899679676241616
2166.467346906662,2.8901520297272043
2167.4302558898926,2.890335217466046
2168.3692638874054,2.8905501034280756
2169.3298468589783,2.890736053385272
2170.277405977249,2.8909391871841525
2171.2327568531036,2.8911317684328286
2172.1998250484467,2.8913085838499804
2173.1463329792023,2.891512598410986
2174.106920003891,2.8916977091396903
2175.057963848114,2.8918953446517155
2176.002909898758,2.8921009118929915
2176.966057062149,2.8922821187653676
2177.91490483284,2.8924821562224934
2178.8779640197754,2.8926631523557855
2179.837439060211,2.8928487450507627
2180.7779569625854,2.8930593230992763
2181.7409739494324,2.8932398829056893
2182.688628911972,2.893440647623726
2183.6460740566254,2.8936282647039198
2184.613620996475,2.8938023361386884
2185.560497045517,2.8940036244937097
2186.5223338603973,2.8941849355946414
2187.4707679748535,2.8943838211202935
2188.420520067215,2.8945807909923276
2189.385885953903,2.894756945616593
2190.3346848487854,2.8949548413135595
2191.2961089611053,2.8951358851304403
2192.2488338947296,2.8953282592120164
2193.1908860206604,2.8955345567399813
2194.155350923538,2.895711097815248
2195.1034729480743,2.8959090440792044
2196.0642490386963,2.8960901315997574
2197.029042005539,2.8962657654226662
2197.9704518318176,2.8964720588915065
2198.931632041931,2.8966521319652103
2199.8786170482635,2.8968507401334445
2200.8352069854736,2.897036534022551
2201.8028659820557,2.8972076013511687
2202.75062584877,2.897404692617336
2203.7107589244843,2.897585345145929
2204.6629300117493,2.897776305408262
2205.610291004181,2.89797342081221
2206.574700832367,2.898147974590517
2207.523992061615,2.8983422255015827
2208.486706018448,2.8985186927118085
2209.4468228816986,2.8986984134095723
2210.387428998947,2.8989035659246194
2211.3511488437653,2.899078241532113
2212.2979888916016,2.8992748862071474
2213.256264925003,2.89945638094351
2214.2228848934174,2.8996267917757743
2215.1643810272217,2.899829942652487
2216.1248619556427,2.900008077310509
2217.075330018997,2.900199155589767
2218.0241329669952,2.9003922474885564
2218.9898369312286,2.900563081848615
2219.939144849777,2.9007551918436754
2220.899505853653,2.900932700024898
2221.8538789749146,2.9011178732302114
2222.7972140312195,2.901317294844073
2223.7613668441772,2.901489384698047
2224.7102930545807,2.901681185255174
2225.672098875046,2.9018560295851556
2226.6355888843536,2.9020285278192457
2227.576596021652,2.9022301686712284
2228.5385298728943,2.9024043844415433
2229.4845058918,2.9025992254704915
2230.4422850608826,2.902778540097159
2231.4103288650513,2.9029443469927347
2232.356423854828,2.9031385538376084
2233.317062854767,2.903313688792453
2234.268117904663,2.9035011277356513
2235.2179629802704,2.903689979005993
2236.182785987854,2.9038592196887034
2237.1318929195404,2.904048715483427
2238.0939588546753,2.9042212344499942
2239.050467967987,2.904400813216944
2239.9921369552612,2.904599481694497
2240.954082965851,2.9047716994651136
2241.8988938331604,2.9049659723346397
2242.8630640506744,2.9051350055371827
2244.691577911377,2.904185173655682
2245.4971599578857,2.904559451824167
2246.302085876465,2.9049343100502565
2247.111438035965,2.9053031770004774
2247.919100999832,2.9056739617964067
2248.7286038398743,2.906042102564606
2249.5363829135895,2.9064122054927197
2250.3421030044556,2.906784702320014
2251.146374940872,2.907158802666439
2251.951714038849,2.9075312579668595
2252.7537820339203,2.9079076693794503
2253.555461883545,2.9082843137670618
2254.357034921646,2.9086608280874664
2255.1590900421143,2.9090364528905535
2255.9619619846344,2.9094107571857655
2256.7632279396057,2.9097868658535826
2257.5647988319397,2.9101623144546034
2258.3639919757843,2.910540560934732
2259.166473865509,2.9109143022770847
2259.96595287323,2.9112916465113954
2260.7683968544006,2.911664905241479
2261.5669729709625,2.912042879432586
2262.3689498901367,2.9124162088239265
2263.167096853256,2.9127942029405682
2263.9687819480896,2.91316737783146
2264.767341852188,2.9135443089724027
2265.567214012146,2.913919286600608
2266.3663120269775,2.914294995010224
2267.1665499210358,2.9146689731418958
2267.9676048755646,2.915041637185437
2268.766326904297,2.9154170359295066
2269.5669798851013,2.91578968968566
2270.366070985794,2.9161640867568384
2271.1663269996643,2.9165367244373464
2271.9656999111176,2.916910233398005
2272.766471862793,2.917281683835167
2273.5685279369354,2.917651224711182
2274.3644440174103,2.918028382591614
2275.1627519130707,2.918402208552725
2275.9660148620605,2.9187694177422125
2276.7639558315277,2.9191431913602353
2277.566437959671,2.9195108819555498
2278.3649990558624,2.91988333860324
2279.166981935501,2.9202511499828114
2279.96711397171,2.9206210735207225
2280.7672288417816,2.9209907594924296
2281.566594839096,2.9213611450469448
2282.3664729595184,2.921730615571602
2283.16659283638,2.9220995178068963
2283.9658620357513,2.9224692500660145
2284.765051841736,2.9228388252073896
2285.5667400360107,2.9232049464872474
2286.3660888671875,2.9235738023528244
2287.165554046631,2.923942251652
2287.9659399986267,2.9243092665986175
2288.765697956085,2.924676827330028
2289.5664689540863,2.9250428370657184
2290.3656690120697,2.925410597378584
2291.167109966278,2.925775239545344
2291.96697306633,2.9261416411369505
2292.7669608592987,2.926507627921006
2293.5687198638916,2.9268710991133378
2294.365669965744,2.92724045164966
2295.165650844574,2.9276056817630653
2295.9648690223694,2.9279716300112533
2296.76394200325,2.928337508700963
2297.564862012863,2.9287007784863692
2298.3653559684753,2.92906433806007
2299.164717912674,2.9294290868009987
2299.965612888336,2.929791629161697
2300.765079021454,2.9301557388324464
2301.5670318603516,2.930516429299132
2302.365963935852,2.9308807138828996
2303.168294906616,2.9312404199597277
2303.9679238796234,2.931603313568048
2304.769331932068,2.931963692147555
2305.5680198669434,2.9323272797608313
2306.3679988384247,2.9326889739220015
2307.167722940445,2.933050741267967
2307.9683740139008,2.933411079730516
2308.7667078971863,2.9337741127466193
2309.566925048828,2.9341345022321583
2310.366647005081,2.9344952710378567
2311.1663558483124,2.9348558068250026
2311.9677748680115,2.935213921996562
2312.766720056534,2.9355749289898294
2313.5685720443726,2.9359319978996172
2314.366175889969,2.9362942090988646
2315.167562007904,2.9366513731314914
2315.9659929275513,2.9370120376429822
2316.7681679725647,2.937367706478514
2317.5660679340363,2.9377285481527786
2318.3690299987793,2.9380827262015257
2319.1674630641937,2.938442397340312
2319.9684720039368,2.938798557943692
2320.766876935959,2.939157770558024
2321.5682759284973,2.9395129450890995
2322.367075920105,2.9398711645509397
2323.1676938533783,2.9402268368626427
2323.967162847519,2.94058371789842
2324.7667348384857,2.940940223181146
2325.566174030304,2.9412966512776886
2326.365485906601,2.9416529953947004
2327.1644389629364,2.942009548345905
2327.965152978897,2.9423636308451613
2328.76486492157,2.942718736110268
2329.5641808509827,2.9430740978750345
2330.3637409210205,2.9434289074928026
2331.162265062332,2.9437847818871186
2331.961840867996,2.944139084816456
2332.7606308460236,2.944494136763997
2333.561893939972,2.944845824679366
2334.3601899147034,2.94520101469483
2335.1628608703613,2.945550443293838
2335.961786031723,2.9459043556059896
2336.7616050243378,2.946256898948104
2337.5609109401703,2.946609847796302
2338.3611390590668,2.946961393128905
2339.1620309352875,2.9473118616085845
2339.961329936981,2.947664096733495
2340.7619290351868,2.9480144539279496
2341.560065984726,2.9483676717456597
2342.3640570640564,2.9487132792915443
2343.1603660583496,2.9490683181980395
2343.9637310504913,2.94941423726794
2344.7598938941956,2.9497689797623683
2345.5638830661774,2.9501136379003365
2346.3610899448395,2.950466588313033
2347.162982940674,2.9508134076495276
2347.960860967636,2.951165036517834
2348.7616050243378,2.9515128249587366
2349.5606310367584,2.951862534800658
2350.3625190258026,2.9522084120351075
2351.162971973419,2.9525558554426232
2351.963574886322,2.952902874074349
2352.764816045761,2.953248855394672
2353.563066005707,2.953598354939151
2354.3645889759064,2.953943510943271
2355.162829875946,2.9542925490066825
2355.9635598659515,2.9546382289529403
2356.7636229991913,2.9549845101298007
2357.5643649101257,2.955329705395173
2358.3633880615234,2.955676820326451
2359.1636078357697,2.956022200765259
2359.962903022766,2.9563685052267514
2360.762830018997,2.956713783884775
2361.562124967575,2.957059620058008
2362.363256931305,2.9574029224766085
2363.1621809005737,2.957748755667852
2363.9642210006714,2.958090455802213
2364.7639009952545,2.9584348767568738
2365.5638229846954,2.9587787621679746
2366.3626289367676,2.9591238106841793
2367.1636588573456,2.9594658458814154
2367.9646229743958,2.959807731923106
2368.7627940177917,2.9601528771509966
2369.5648119449615,2.9604929836217284
2370.3638389110565,2.9608365959650245
2371.1636550426483,2.9611789911960806
2371.9633660316467,2.9615212867947296
2372.7644879817963,2.9618615903922434
2373.5627658367157,2.962205213697594
2374.36443400383,2.962544375775742
2375.1639919281006,2.962885941314418
2375.964735031128,2.9632257988491406
2376.766662836075,2.9635639501923636
2377.5659699440002,2.963905140418029
2378.366840839386,2.9642441523074106
2379.1651639938354,2.964586110600212
2379.9674530029297,2.964922898881052
2380.766885995865,2.965263017360475
2381.566349029541,2.9656028700934556
2382.366576910019,2.9659415425331828
2383.1649918556213,2.9662822440571786
2383.966034889221,2.9666194469623135
2384.765609025955,2.966958250832018
2385.565724849701,2.9672961538068634
2386.366343021393,2.9676332054841223
2387.16593003273,2.967971313122276
2387.965667963028,2.968309006739767
2388.7650129795074,2.968646962538561
2389.5661590099335,2.968982454513622
2390.3656089305878,2.969319828515867
2391.1668889522552,2.9696547040727217
2391.965714931488,2.969992402338208
2392.7664699554443,2.9703274804466586
2393.5703179836273,2.9706584956275504
2394.366070985794,2.97099933305988
2395.165915966034,2.9713348676847673
2395.965644836426,2.9716703222954974
2396.7670488357544,2.972003475873945
2397.5658729076385,2.972339605150248
2398.36741399765,2.972672142887522
2399.1661310195923,2.973007957964438
2399.96675491333,2.9733411870772763
2400.766998052597,2.973674665551027
2401.56751203537,2.9740075863812776
2402.3695788383484,2.9743383628155766
